soil_moisture,soil_ph,soil_ec,rgb_red,rgb_green,rgb_blue,temperature,humidity,leaf_wetness,scenario
72.0,6.45,1.0,81.52,71.75,56.82,27.83,91.51,82.71,sigatoka_risk
73.62,6.43,1.73,86.36,90.35,51.34,28.01,90.92,83.11,sigatoka_risk
59.01,5.77,1.34,77.9,75.85,56.58,25.99,91.48,79.99,sigatoka_risk
58.59,6.18,1.05,69.96,85.21,45.37,26.78,89.02,83.89,sigatoka_risk
60.39,5.7,0.54,110.01,52.38,37.54,27.38,68.12,17.52,nitrogen_deficient
65.25,6.36,1.29,81.05,94.25,55.15,30.13,88.64,68.56,sigatoka_risk
74.61,6.06,1.59,86.63,72.35,52.45,25.71,86.95,84.2,sigatoka_risk
61.55,6.27,1.15,78.68,89.98,63.42,28.18,85.19,81.86,sigatoka_risk
28.95,7.05,2.7,107.63,75.7,38.63,32.94,40.93,12.93,water_stress
56.9,6.38,1.47,73.28,95.95,57.23,22.62,65.88,11.87,healthy
29.96,6.28,3.46,87.25,64.85,53.32,29.28,44.48,13.41,water_stress
64.7,6.32,1.4,69.92,116.0,56.14,29.25,59.22,28.95,healthy
58.67,6.46,1.05,85.66,84.83,59.89,28.92,96.67,82.55,sigatoka_risk
21.41,6.23,3.22,85.15,82.5,40.36,32.15,37.41,10.62,water_stress
19.58,6.58,3.71,106.86,68.22,47.0,35.67,48.45,14.09,water_stress
19.35,6.98,3.86,95.75,72.51,41.93,30.04,37.45,0.97,water_stress
57.16,5.25,0.61,100.94,55.88,40.87,26.1,70.25,3.85,nitrogen_deficient
18.74,6.34,3.47,106.37,62.42,54.64,32.77,49.66,2.42,water_stress
25.12,6.25,3.64,95.64,78.98,54.69,37.74,52.07,12.86,water_stress
47.17,5.45,0.47,105.17,67.71,46.97,22.64,59.48,15.13,nitrogen_deficient
63.95,6.13,1.37,75.09,81.11,55.29,26.56,89.82,69.64,sigatoka_risk
59.31,5.51,1.56,77.67,99.6,50.58,26.92,69.17,10.4,healthy
56.69,5.09,0.51,100.2,66.91,46.49,26.39,56.76,3.88,nitrogen_deficient
75.34,5.82,1.2,88.33,92.24,62.88,26.52,94.78,77.16,sigatoka_risk
53.7,5.75,1.64,78.61,116.25,44.74,27.2,70.24,1.05,healthy
68.96,6.2,1.22,71.01,106.05,45.69,24.0,69.97,11.61,healthy
51.88,5.82,1.91,72.71,106.51,47.51,24.09,72.29,21.41,healthy
29.3,6.17,2.8,107.11,75.34,42.11,31.85,50.18,4.26,water_stress
22.97,6.66,2.95,107.46,83.09,39.51,33.34,38.77,10.0,water_stress
27.99,7.07,3.66,89.54,81.42,49.91,35.26,52.33,11.91,water_stress
48.53,5.05,0.53,114.31,72.3,43.67,26.34,69.06,17.09,nitrogen_deficient
63.64,5.5,1.88,73.56,117.86,55.69,25.45,64.25,24.8,healthy
59.47,6.46,1.29,74.66,98.21,47.38,28.85,88.04,85.93,sigatoka_risk
47.17,5.67,0.61,103.04,49.85,37.87,28.93,75.55,21.33,nitrogen_deficient
62.87,5.8,0.45,99.29,62.44,38.78,27.71,71.98,19.72,nitrogen_deficient
66.2,6.2,1.36,67.79,95.94,54.05,26.0,66.71,14.64,healthy
69.65,6.35,1.5,72.81,76.48,54.36,25.52,84.47,73.36,sigatoka_risk
59.64,6.52,1.52,78.71,82.82,64.5,31.47,88.03,66.32,sigatoka_risk
24.59,6.19,3.39,95.83,59.58,49.64,34.66,36.2,9.13,water_stress
59.05,5.84,1.98,78.58,106.89,56.65,25.07,60.89,17.9,healthy
65.73,5.94,0.5,112.3,55.25,31.39,23.16,69.66,20.34,nitrogen_deficient
64.73,5.85,1.63,68.54,111.52,51.14,23.3,60.57,3.02,healthy
61.91,5.51,0.66,119.02,64.55,37.57,28.02,71.66,23.93,nitrogen_deficient
16.3,6.81,3.02,109.1,63.06,46.23,32.88,44.96,7.01,water_stress
57.22,5.09,0.46,101.6,58.34,49.89,30.35,64.43,23.18,nitrogen_deficient
50.78,5.88,0.43,92.22,71.81,46.83,28.26,72.56,5.77,nitrogen_deficient
15.17,6.45,3.03,110.39,62.87,48.78,33.89,48.32,10.59,water_stress
59.71,5.88,1.6,86.26,72.28,52.62,29.6,96.11,86.75,sigatoka_risk
53.99,5.86,0.55,116.59,54.23,33.49,23.88,62.61,14.26,nitrogen_deficient
15.74,6.93,3.85,106.03,74.85,52.49,28.62,53.37,8.7,water_stress
73.88,6.34,1.36,83.34,82.79,51.83,25.86,90.61,75.21,sigatoka_risk
22.44,6.12,3.58,96.74,76.6,43.0,37.94,41.92,14.4,water_stress
62.74,5.85,0.75,95.17,59.69,33.79,25.87,56.18,8.12,nitrogen_deficient
72.36,5.75,1.1,83.42,75.15,50.97,28.01,94.42,71.34,sigatoka_risk
56.68,6.31,1.82,75.05,105.01,56.6,25.5,72.87,7.42,healthy
56.65,6.11,1.79,69.92,118.82,45.58,29.25,71.0,16.05,healthy
63.86,6.5,1.38,84.6,99.58,60.64,30.29,95.16,83.34,sigatoka_risk
65.14,5.97,1.81,71.93,109.81,55.02,22.92,70.5,12.05,healthy
63.64,6.42,1.79,64.82,114.31,51.2,27.83,67.58,18.37,healthy
34.59,6.68,2.68,102.96,67.4,55.34,31.91,35.73,11.78,water_stress
56.08,5.25,0.42,94.76,64.26,41.49,29.53,68.12,13.11,nitrogen_deficient
63.49,5.78,1.97,67.8,111.05,47.11,27.79,66.95,29.94,healthy
67.88,6.31,1.44,80.16,99.98,61.34,25.43,86.72,63.97,sigatoka_risk
56.96,6.38,1.81,60.1,97.95,56.39,22.04,65.1,10.3,healthy
65.85,5.7,1.23,78.3,75.21,62.77,30.68,88.97,78.73,sigatoka_risk
60.82,5.7,1.49,90.99,86.72,57.4,28.26,92.01,63.47,sigatoka_risk
58.95,6.0,1.53,91.45,93.49,60.6,26.14,92.03,72.29,sigatoka_risk
31.87,6.38,3.88,108.07,63.96,45.47,29.07,39.08,1.33,water_stress
68.81,6.37,1.84,76.12,91.48,54.0,23.53,67.58,13.95,healthy
58.94,5.61,1.69,83.86,88.48,45.86,31.11,96.77,84.56,sigatoka_risk
66.97,5.93,1.52,74.76,112.4,58.93,23.91,63.28,18.48,healthy
56.36,5.44,0.72,95.84,53.77,47.9,30.98,64.71,7.57,nitrogen_deficient
73.3,6.42,1.68,84.75,93.02,52.36,27.56,85.93,87.06,sigatoka_risk
55.83,5.78,1.13,81.45,71.86,51.99,28.3,89.9,84.75,sigatoka_risk
58.27,5.73,0.51,113.23,53.49,33.91,26.14,65.95,23.99,nitrogen_deficient
47.96,5.88,0.46,96.4,52.22,45.84,26.46,59.09,8.98,nitrogen_deficient
69.47,5.64,1.29,72.74,79.1,60.92,26.71,97.2,87.62,sigatoka_risk
57.39,6.35,1.27,63.26,109.36,55.31,29.82,70.86,6.86,healthy
55.79,5.97,1.32,96.17,80.31,51.05,29.98,97.97,84.76,sigatoka_risk
49.17,5.63,0.66,101.36,68.87,41.49,25.63,66.65,4.12,nitrogen_deficient
64.13,6.04,1.44,82.98,91.88,51.59,26.89,86.6,84.63,sigatoka_risk
67.85,5.8,1.59,64.85,110.72,50.29,24.41,71.48,6.31,healthy
46.98,5.98,0.55,110.12,60.56,33.66,29.9,61.24,13.42,nitrogen_deficient
55.35,6.25,1.82,73.02,100.45,41.15,27.48,71.81,12.81,healthy
50.21,5.44,0.45,109.81,58.6,43.19,27.62,61.93,17.07,nitrogen_deficient
65.84,5.8,1.41,74.64,98.47,57.06,31.72,89.43,90.99,sigatoka_risk
19.12,6.27,2.93,91.23,61.76,41.4,28.19,41.12,8.49,water_stress
70.23,6.06,1.65,89.39,74.74,62.44,26.0,92.89,69.98,sigatoka_risk
24.86,6.79,2.74,90.24,75.71,45.16,37.48,36.22,14.42,water_stress
56.38,5.26,0.8,94.03,55.73,43.63,23.67,65.21,3.19,nitrogen_deficient
53.31,5.76,0.44,105.02,68.67,45.7,25.6,60.61,14.91,nitrogen_deficient
47.62,5.05,0.6,119.05,59.55,49.68,28.87,60.93,11.09,nitrogen_deficient
71.93,5.69,1.62,80.92,78.54,49.2,29.45,86.13,70.17,sigatoka_risk
60.84,6.25,1.45,71.39,104.29,50.44,22.68,64.0,12.63,healthy
33.37,6.96,2.78,100.95,62.61,39.99,31.84,43.69,4.93,water_stress
56.43,5.75,0.57,97.13,58.14,43.09,31.58,60.51,10.85,nitrogen_deficient
23.86,6.24,3.04,97.49,62.95,51.71,29.42,41.24,7.84,water_stress
68.11,5.73,1.53,69.68,117.45,52.86,22.57,73.06,26.4,healthy
67.08,5.65,1.91,68.12,108.92,48.28,23.26,72.49,6.89,healthy
26.82,6.44,4.03,92.1,78.75,36.42,36.84,48.1,7.13,water_stress
65.21,6.1,1.08,76.6,78.03,54.83,27.83,92.79,63.27,sigatoka_risk
56.81,5.7,0.73,111.54,73.6,32.82,25.66,57.47,7.96,nitrogen_deficient
33.64,6.27,2.66,96.53,85.16,43.45,34.81,41.24,13.54,water_stress
46.6,5.17,0.5,93.55,64.81,44.47,31.77,70.13,12.73,nitrogen_deficient
59.5,5.94,1.18,71.94,83.45,59.02,30.64,87.37,66.63,sigatoka_risk
64.2,6.27,1.13,78.43,97.1,62.21,31.16,85.53,78.34,sigatoka_risk
59.66,5.88,1.61,75.23,77.95,46.79,31.24,85.26,69.89,sigatoka_risk
22.33,6.88,3.43,99.77,61.31,37.04,36.84,54.4,0.67,water_stress
65.76,6.41,1.6,76.82,89.81,47.62,24.63,60.51,14.21,healthy
16.14,7.03,3.53,93.68,62.65,36.36,31.82,36.89,12.91,water_stress
65.39,6.35,1.61,92.79,78.99,59.81,30.73,89.19,66.4,sigatoka_risk
31.69,6.64,3.75,89.72,76.52,49.29,34.73,40.52,3.34,water_stress
17.58,6.26,2.76,88.22,76.25,49.42,32.64,36.26,12.38,water_stress
33.31,6.62,2.63,86.75,74.88,38.66,36.18,38.1,12.18,water_stress
50.53,5.7,1.51,73.14,107.51,48.11,27.0,67.87,7.02,healthy
47.0,5.56,0.75,92.95,65.68,48.17,27.47,74.44,1.69,nitrogen_deficient
55.21,5.54,1.48,61.25,103.79,58.79,23.95,66.41,14.0,healthy
28.12,6.24,3.52,90.34,67.95,49.78,32.12,43.56,11.32,water_stress
69.59,5.57,1.37,76.61,79.23,58.37,26.1,91.55,74.92,sigatoka_risk
48.07,5.31,0.64,92.78,68.7,32.78,25.54,71.59,7.92,nitrogen_deficient
15.77,7.0,3.0,90.04,81.8,45.39,30.04,37.63,6.44,water_stress
53.07,5.6,0.48,117.15,59.03,47.68,23.28,63.51,23.34,nitrogen_deficient
71.8,5.52,1.41,81.93,75.49,47.84,30.81,89.59,62.48,sigatoka_risk
57.13,6.04,0.42,92.46,55.76,34.73,27.22,58.98,18.15,nitrogen_deficient
61.97,5.87,1.61,62.39,118.57,47.57,24.3,72.83,21.56,healthy
57.19,6.24,1.65,87.04,78.07,53.17,30.66,91.12,73.4,sigatoka_risk
61.16,6.47,1.7,70.3,90.84,51.27,29.83,98.31,81.13,sigatoka_risk
48.71,5.27,0.61,95.96,70.44,40.62,24.17,65.66,6.53,nitrogen_deficient
28.98,6.13,3.81,89.39,65.97,40.7,31.71,36.5,3.51,water_stress
20.07,6.61,3.24,110.45,79.54,42.55,28.01,38.86,1.81,water_stress
68.21,6.16,1.43,78.5,89.57,63.44,31.15,93.21,62.48,sigatoka_risk
27.94,6.18,2.88,109.32,79.47,54.6,28.25,55.08,11.68,water_stress
61.59,5.38,0.66,100.11,58.3,31.85,29.92,56.31,6.96,nitrogen_deficient
35.1,6.18,2.78,88.68,74.98,44.48,30.19,45.16,12.69,water_stress
66.52,5.7,1.76,92.36,84.23,55.36,28.22,91.25,89.87,sigatoka_risk
61.0,6.3,1.84,77.69,96.47,49.94,23.11,61.64,7.82,healthy
64.41,6.0,1.24,75.3,115.98,47.92,22.65,75.48,4.81,healthy
67.17,5.67,1.35,65.07,91.07,41.09,30.29,67.52,4.4,healthy
68.47,6.42,1.35,69.37,89.71,49.81,22.4,71.42,6.99,healthy
64.14,5.71,1.58,65.07,120.84,51.13,24.6,63.58,19.67,healthy
58.41,6.2,1.67,71.93,98.91,40.69,27.1,66.29,8.63,healthy
61.44,6.11,1.76,61.09,89.47,49.2,26.36,65.51,10.28,healthy
68.94,5.63,1.35,89.08,73.91,46.37,30.48,86.55,91.08,sigatoka_risk
63.53,5.41,0.63,89.57,64.03,44.02,27.05,74.25,23.1,nitrogen_deficient
29.06,6.78,2.74,106.95,65.08,40.9,30.53,48.8,13.64,water_stress
19.39,6.03,2.72,86.74,59.98,48.13,36.94,35.31,2.75,water_stress
24.89,6.26,4.01,99.9,63.66,46.97,30.63,45.5,4.66,water_stress
51.44,5.64,1.92,73.48,95.94,40.63,29.74,65.65,19.81,healthy
25.82,6.22,3.9,89.96,75.13,54.14,34.01,40.5,10.99,water_stress
57.43,5.84,0.5,119.07,71.42,33.41,28.17,59.47,22.93,nitrogen_deficient
59.53,5.76,1.49,85.98,98.4,59.2,28.16,96.91,78.33,sigatoka_risk
55.71,5.7,1.84,73.96,110.75,45.73,25.93,70.08,17.0,healthy
27.15,6.33,2.75,107.02,67.55,53.85,30.85,47.91,4.05,water_stress
57.15,5.73,0.41,110.46,58.89,45.98,24.61,72.46,18.69,nitrogen_deficient
25.7,6.81,2.98,84.48,80.03,51.14,34.86,39.63,4.51,water_stress
45.52,5.78,0.65,107.88,63.04,47.46,32.03,62.47,24.48,nitrogen_deficient
58.42,5.36,0.73,93.22,67.14,33.67,26.23,57.69,20.72,nitrogen_deficient
68.86,6.59,1.4,94.29,99.62,60.79,27.85,86.0,69.62,sigatoka_risk
67.63,5.99,1.68,78.87,101.94,57.01,22.85,64.25,2.83,healthy
34.47,6.46,2.58,104.09,82.35,50.32,31.51,39.14,2.25,water_stress
74.97,6.35,1.07,79.98,91.99,61.52,30.78,87.51,70.19,sigatoka_risk
18.99,6.35,3.07,95.81,66.18,48.55,29.48,47.0,0.12,water_stress
64.21,5.64,1.48,71.23,97.53,56.06,29.38,94.55,93.58,sigatoka_risk
73.3,6.11,1.13,71.79,95.93,54.51,31.01,84.68,88.55,sigatoka_risk
27.26,6.77,3.5,107.64,83.1,41.27,28.95,50.24,7.33,water_stress
71.78,6.24,1.63,92.05,93.17,45.9,28.01,87.01,70.02,sigatoka_risk
46.16,5.93,0.49,116.22,53.79,31.24,26.55,59.34,17.92,nitrogen_deficient
59.54,6.47,1.61,77.48,95.7,48.62,27.93,97.28,71.97,sigatoka_risk
57.24,5.61,0.77,94.2,69.83,35.81,30.0,60.66,22.3,nitrogen_deficient
50.47,5.3,0.47,98.0,54.84,46.92,26.16,64.82,10.61,nitrogen_deficient
49.8,5.02,0.7,115.94,75.44,50.12,28.44,74.71,9.53,nitrogen_deficient
57.92,5.16,0.4,104.27,58.18,48.52,30.67,65.57,3.76,nitrogen_deficient
56.52,5.94,1.9,65.69,99.92,50.41,22.81,68.52,13.04,healthy
29.82,6.51,2.95,88.97,79.64,35.01,36.34,46.94,8.39,water_stress
60.68,5.51,0.66,91.91,69.08,45.47,31.55,56.41,0.95,nitrogen_deficient
60.99,5.42,0.42,100.73,52.66,30.68,30.3,54.71,7.55,nitrogen_deficient
63.46,5.76,0.72,113.69,66.27,37.21,26.09,57.27,5.11,nitrogen_deficient
58.0,5.15,0.71,98.99,56.87,48.64,26.24,66.44,22.08,nitrogen_deficient
19.68,6.16,3.45,98.41,64.61,52.37,36.3,38.27,13.86,water_stress
63.65,6.43,1.09,80.1,79.04,55.92,31.61,95.19,63.65,sigatoka_risk
53.5,6.03,0.48,105.64,66.36,33.19,22.97,69.56,20.72,nitrogen_deficient
65.07,6.39,1.4,86.33,80.34,58.82,28.86,88.63,92.2,sigatoka_risk
60.56,5.9,0.63,96.01,54.9,45.44,25.24,62.43,7.78,nitrogen_deficient
74.6,6.14,1.21,89.93,85.81,63.23,29.99,98.91,90.16,sigatoka_risk
25.53,6.16,3.57,86.11,83.08,53.84,35.28,52.26,11.27,water_stress
67.18,5.59,1.8,74.93,103.91,47.04,22.22,66.67,17.77,healthy
48.26,5.26,0.74,99.38,71.39,33.94,28.42,60.08,13.84,nitrogen_deficient
55.95,5.38,0.51,112.51,64.28,36.83,31.6,73.93,9.58,nitrogen_deficient
19.42,5.99,3.42,103.24,74.62,51.09,29.64,47.77,8.83,water_stress
69.22,5.77,1.21,80.0,82.79,46.84,28.47,93.3,59.49,sigatoka_risk
31.89,6.66,3.68,98.85,77.64,48.34,34.94,39.46,1.65,water_stress
14.94,6.35,2.73,106.81,62.74,38.55,28.39,39.33,6.37,water_stress
69.14,6.14,1.13,78.18,96.18,47.85,28.45,86.08,68.32,sigatoka_risk
49.91,5.93,1.79,75.55,98.6,46.33,25.19,71.36,10.38,healthy
66.72,5.79,1.94,79.2,90.15,46.52,27.65,66.45,16.04,healthy
52.1,5.65,0.56,93.15,63.78,48.36,25.48,56.1,20.6,nitrogen_deficient
55.58,5.99,0.62,98.28,62.36,39.27,23.39,57.68,17.8,nitrogen_deficient
51.19,6.03,1.37,59.53,111.09,54.89,24.42,60.33,6.93,healthy
58.87,6.06,1.31,76.11,93.69,45.65,26.84,90.22,93.22,sigatoka_risk
60.22,5.83,2.01,62.88,96.05,46.84,24.06,65.65,16.81,healthy
53.88,6.16,1.52,61.15,116.22,46.06,26.51,63.94,0.09,healthy
70.22,6.07,1.62,89.84,83.13,58.19,29.41,93.51,87.52,sigatoka_risk
58.06,6.12,1.03,95.55,89.64,57.18,32.29,86.57,68.42,sigatoka_risk
63.65,6.03,1.21,90.04,73.4,63.65,29.62,91.74,66.46,sigatoka_risk
24.72,6.74,3.71,90.98,72.96,52.62,33.45,39.24,1.36,water_stress
74.18,6.14,1.76,80.89,85.35,46.87,29.87,85.94,72.14,sigatoka_risk
54.78,6.34,1.72,61.9,98.27,55.45,25.87,74.34,8.68,healthy
17.71,6.53,3.63,106.48,77.98,41.18,32.77,46.07,13.4,water_stress
47.04,6.08,0.41,103.0,71.61,38.51,28.79,57.47,6.29,nitrogen_deficient
28.57,6.06,2.7,99.24,72.62,52.17,36.07,49.54,13.31,water_stress
60.89,6.16,1.83,79.1,100.62,59.42,28.08,67.99,28.36,healthy
64.66,6.36,1.85,78.53,116.48,58.18,28.47,74.4,0.16,healthy
26.51,6.44,3.26,102.58,81.71,41.53,29.81,50.34,1.39,water_stress
27.91,6.85,2.65,86.01,61.55,45.29,35.49,41.22,10.39,water_stress
63.03,5.97,1.34,93.42,83.53,47.19,26.99,87.03,94.23,sigatoka_risk
61.49,5.51,0.48,113.5,55.45,40.18,22.93,68.89,4.04,nitrogen_deficient
69.73,5.77,1.4,88.81,85.26,59.69,31.93,97.66,66.9,sigatoka_risk
70.13,6.07,1.73,73.08,109.63,58.94,23.76,64.64,23.28,healthy
17.65,6.99,2.58,93.69,70.48,48.27,31.62,34.57,0.83,water_stress
60.88,6.24,1.15,72.61,71.68,54.02,25.93,90.48,64.67,sigatoka_risk
56.67,6.08,0.68,103.66,68.08,38.0,22.59,73.35,14.03,nitrogen_deficient
64.43,5.69,1.55,78.15,93.06,54.5,30.09,93.89,87.5,sigatoka_risk
23.04,6.22,3.6,89.25,69.63,38.27,29.46,41.49,4.55,water_stress
63.49,5.58,1.48,75.13,90.81,45.73,26.1,62.48,25.95,healthy
29.24,6.52,3.39,111.34,78.33,46.61,34.66,53.0,11.31,water_stress
64.18,6.2,1.32,67.05,114.31,41.34,26.3,64.05,23.77,healthy
61.06,5.81,1.53,83.87,90.3,46.23,28.97,95.57,82.55,sigatoka_risk
57.57,5.79,0.77,103.94,72.1,50.48,31.1,63.33,3.96,nitrogen_deficient
27.32,6.26,3.54,94.07,82.71,46.59,28.77,43.21,6.85,water_stress
68.46,5.61,1.58,93.0,86.47,52.74,31.33,88.71,69.44,sigatoka_risk
47.65,5.1,0.76,121.53,64.61,30.59,25.77,71.6,10.27,nitrogen_deficient
16.61,6.66,2.81,97.07,59.02,36.96,32.04,43.85,12.46,water_stress
50.44,5.38,0.52,105.77,68.06,34.9,24.08,71.43,8.19,nitrogen_deficient
66.66,5.52,1.58,82.87,70.61,45.04,25.11,88.43,91.59,sigatoka_risk
70.04,5.58,1.91,62.29,115.89,57.46,22.14,59.73,12.88,healthy
61.87,6.18,1.8,77.0,103.1,51.39,29.57,60.16,19.77,healthy
58.58,6.31,1.85,67.02,98.38,43.26,28.39,72.74,24.81,healthy
25.15,6.53,2.69,95.17,77.2,54.58,35.42,37.14,5.75,water_stress
50.65,6.11,1.95,59.73,103.49,40.69,22.63,59.71,6.79,healthy
49.46,5.56,0.45,98.74,68.34,39.9,22.13,71.36,22.62,nitrogen_deficient
52.9,6.06,1.34,78.66,104.69,58.82,26.26,75.96,5.86,healthy
53.63,5.97,1.28,73.94,112.9,42.93,23.53,68.25,22.46,healthy
62.44,5.68,1.06,77.16,82.34,51.73,31.52,89.46,84.36,sigatoka_risk
24.34,6.6,3.65,95.31,83.02,39.92,28.17,49.8,6.24,water_stress
59.89,5.56,0.64,103.72,52.4,47.01,27.76,65.55,10.52,nitrogen_deficient
63.99,6.29,1.67,74.88,92.18,56.67,27.35,69.94,29.46,healthy
55.68,5.02,0.55,117.76,60.25,42.36,26.69,76.27,22.5,nitrogen_deficient
57.19,6.04,1.82,71.2,108.67,41.03,24.49,69.43,0.6,healthy
58.06,6.32,1.34,77.54,95.04,48.44,30.17,66.35,28.24,healthy
57.88,5.48,0.76,103.16,57.23,40.01,31.3,73.29,1.68,nitrogen_deficient
58.28,6.44,1.53,68.9,104.38,54.68,28.53,69.66,1.75,healthy
22.34,6.2,2.69,95.35,66.5,50.18,34.13,45.75,8.42,water_stress
25.45,6.3,3.13,91.22,66.43,39.15,33.76,40.38,5.87,water_stress
24.12,6.89,3.97,102.68,78.5,44.68,34.08,46.56,9.79,water_stress
58.06,5.28,0.55,111.93,72.92,46.18,28.53,66.04,0.52,nitrogen_deficient
58.06,5.61,0.62,93.86,59.85,48.68,27.67,71.61,3.4,nitrogen_deficient
55.35,6.22,1.19,92.04,80.2,50.24,28.19,90.71,87.45,sigatoka_risk
29.65,6.58,2.63,106.38,81.68,35.14,29.93,40.77,0.26,water_stress
15.76,6.17,3.95,109.06,62.72,48.01,35.49,40.72,13.58,water_stress
63.94,6.32,1.25,78.39,106.04,55.63,28.68,74.26,25.27,healthy
66.16,6.57,1.67,76.88,72.37,63.2,29.16,84.98,83.51,sigatoka_risk
52.7,5.56,0.65,110.52,63.7,41.91,25.34,69.66,2.75,nitrogen_deficient
61.54,5.77,1.37,78.01,116.49,45.69,29.22,66.31,26.42,healthy
56.91,5.32,0.63,103.07,66.35,50.16,27.71,71.68,22.19,nitrogen_deficient
47.31,5.24,0.45,98.15,56.33,32.64,27.75,57.91,11.93,nitrogen_deficient
19.96,6.23,3.89,107.05,82.01,46.59,28.34,49.05,1.01,water_stress
17.82,6.8,2.97,107.47,62.77,54.39,28.9,39.79,4.68,water_stress
64.37,5.4,0.47,89.37,55.85,38.49,29.95,58.18,6.86,nitrogen_deficient
64.81,5.98,1.24,84.36,97.54,57.21,25.22,95.37,81.21,sigatoka_risk
59.7,5.86,0.57,111.4,60.32,47.66,26.6,57.82,3.41,nitrogen_deficient
47.4,5.8,0.69,120.55,54.65,37.52,29.89,71.63,14.66,nitrogen_deficient
55.44,6.41,1.53,64.56,110.51,44.76,29.95,62.98,2.35,healthy
33.19,6.47,2.73,96.04,73.59,38.4,37.52,44.35,5.42,water_stress
50.54,5.32,0.54,95.7,63.83,35.41,29.68,68.15,1.08,nitrogen_deficient
76.18,6.21,1.25,89.42,94.71,57.29,28.56,93.84,73.34,sigatoka_risk
55.94,6.08,1.24,62.11,89.93,54.33,26.98,72.76,4.94,healthy
67.1,6.24,1.45,63.96,111.95,41.43,29.22,73.65,26.69,healthy
72.45,6.43,1.26,72.5,80.62,59.62,30.83,94.8,64.22,sigatoka_risk
54.26,5.88,1.84,63.86,97.17,42.64,24.97,71.26,17.87,healthy
25.68,6.68,3.65,105.62,69.93,51.42,32.14,46.77,10.65,water_stress
73.12,6.24,1.57,90.21,71.68,47.72,25.65,93.49,82.99,sigatoka_risk
22.01,6.64,3.7,92.1,64.36,39.32,29.5,50.99,12.73,water_stress
68.52,6.13,1.33,62.66,92.84,51.6,23.51,67.56,16.19,healthy
57.75,5.11,0.4,113.52,52.01,30.69,28.32,60.94,23.92,nitrogen_deficient
54.41,6.23,1.46,72.21,96.76,56.65,28.1,70.99,4.61,healthy
56.89,6.45,1.03,69.72,73.11,64.03,25.64,95.48,62.04,sigatoka_risk
56.37,5.39,0.79,107.1,60.91,41.21,29.26,58.98,2.48,nitrogen_deficient
57.34,5.32,0.64,118.23,59.16,42.89,30.07,62.6,2.29,nitrogen_deficient
66.87,6.27,1.71,60.86,111.74,45.17,27.15,62.09,13.57,healthy
22.54,6.67,3.57,107.22,75.71,50.31,34.1,35.95,12.54,water_stress
21.93,6.75,3.76,89.95,71.52,41.8,32.11,36.36,2.29,water_stress
34.18,6.75,2.73,106.1,76.65,51.86,35.97,46.01,7.01,water_stress
58.22,5.66,1.1,72.48,93.74,47.72,27.53,92.33,83.55,sigatoka_risk
65.29,5.29,0.74,101.63,50.33,31.43,24.04,62.05,20.19,nitrogen_deficient
54.3,5.95,0.42,120.06,62.46,33.37,22.55,58.11,14.39,nitrogen_deficient
60.35,5.56,0.66,117.92,73.27,32.83,28.37,64.4,2.5,nitrogen_deficient
34.66,6.38,2.62,109.35,63.9,48.85,33.11,51.41,5.15,water_stress
53.81,5.99,0.65,115.89,69.93,32.76,25.78,60.0,1.14,nitrogen_deficient
64.92,5.72,1.53,68.37,114.27,41.62,24.71,60.97,29.93,healthy
54.88,6.35,1.53,70.67,115.6,40.2,26.85,69.8,28.14,healthy
71.97,6.12,1.55,81.05,71.97,57.18,25.64,88.11,92.1,sigatoka_risk
52.59,5.26,0.42,101.64,70.07,36.09,32.59,61.36,21.34,nitrogen_deficient
56.84,5.32,0.67,113.26,62.76,41.21,24.85,68.87,2.89,nitrogen_deficient
45.98,5.39,0.58,94.87,58.86,39.83,25.49,69.78,12.43,nitrogen_deficient
31.15,6.6,3.33,104.56,73.39,41.21,31.68,39.83,15.08,water_stress
22.34,6.27,3.05,101.05,62.77,40.22,36.01,46.43,4.34,water_stress
55.23,5.44,0.7,92.73,51.81,49.78,25.03,55.47,2.53,nitrogen_deficient
64.06,5.82,1.28,74.79,96.15,61.98,26.21,94.26,79.14,sigatoka_risk
30.04,6.35,2.88,107.43,83.31,45.17,33.13,40.86,9.39,water_stress
61.61,5.97,1.7,73.53,76.08,64.17,26.87,89.33,89.57,sigatoka_risk
65.6,5.94,1.29,72.3,97.36,64.41,30.42,93.48,70.52,sigatoka_risk
62.86,5.63,1.03,81.65,94.77,54.99,30.96,90.52,83.9,sigatoka_risk
57.72,5.97,1.25,92.44,72.54,49.67,29.23,85.29,92.95,sigatoka_risk
57.51,5.83,1.33,91.55,91.46,50.21,26.65,88.29,62.8,sigatoka_risk
51.78,5.57,0.42,99.01,64.51,39.9,24.63,63.19,18.73,nitrogen_deficient
57.64,5.97,0.59,109.84,65.82,31.89,25.1,61.28,7.1,nitrogen_deficient
60.56,6.46,1.49,75.45,99.45,49.93,28.45,73.0,0.23,healthy
57.38,5.75,0.69,108.93,49.66,45.33,28.61,57.96,17.03,nitrogen_deficient
61.41,6.48,1.09,71.78,83.44,62.76,31.8,96.05,63.1,sigatoka_risk
53.17,5.86,1.24,79.43,115.91,40.35,25.61,68.94,12.01,healthy
55.48,6.21,1.41,73.49,120.77,48.79,27.44,62.41,23.8,healthy
62.19,5.65,1.76,73.15,111.52,49.15,25.07,71.16,20.46,healthy
54.77,5.39,0.7,94.43,56.36,48.49,25.94,64.83,13.67,nitrogen_deficient
72.61,6.18,1.2,83.3,76.99,46.03,26.63,97.67,81.99,sigatoka_risk
34.67,6.2,2.75,90.1,69.52,40.89,32.8,51.98,11.98,water_stress
72.13,6.19,1.0,83.87,78.03,54.12,29.84,91.06,79.55,sigatoka_risk
65.24,5.33,0.75,94.94,66.07,49.63,24.45,55.69,5.35,nitrogen_deficient
48.17,5.74,0.42,108.73,63.99,35.88,23.26,63.23,11.58,nitrogen_deficient
74.78,6.21,1.73,79.45,84.23,54.37,29.95,87.4,84.37,sigatoka_risk
50.58,5.63,1.62,64.48,93.48,46.51,23.95,72.41,7.83,healthy
69.37,6.38,1.31,94.79,76.62,64.04,27.11,84.54,80.08,sigatoka_risk
48.89,5.56,0.46,98.4,74.59,40.82,29.23,70.34,8.94,nitrogen_deficient
64.0,6.25,1.02,77.25,87.27,54.45,27.94,96.73,87.71,sigatoka_risk
68.5,6.22,1.48,82.09,81.56,50.05,30.54,91.7,89.97,sigatoka_risk
50.99,5.96,1.55,79.28,92.01,57.6,27.05,71.15,21.34,healthy
49.04,5.76,0.4,117.32,53.99,32.14,28.63,60.28,7.95,nitrogen_deficient
69.93,5.64,1.38,94.78,83.15,55.2,29.48,89.93,67.54,sigatoka_risk
71.21,6.19,1.27,79.14,87.91,62.1,27.57,90.84,70.32,sigatoka_risk
26.81,5.97,3.01,105.0,77.39,53.17,31.92,38.34,14.33,water_stress
66.72,5.89,1.13,76.78,74.54,54.51,31.48,91.29,91.55,sigatoka_risk
64.41,5.73,0.62,94.16,52.77,32.48,31.74,67.47,16.2,nitrogen_deficient
64.92,5.35,0.69,105.65,56.2,50.03,27.03,72.33,10.2,nitrogen_deficient
59.14,5.46,1.51,73.2,97.0,53.85,24.33,61.31,25.73,healthy
52.16,5.62,1.23,63.19,99.84,59.7,24.94,74.68,23.23,healthy
56.68,5.31,0.7,92.34,52.59,46.61,26.9,60.25,15.28,nitrogen_deficient
58.52,5.05,0.76,100.59,61.9,36.51,25.93,59.33,18.72,nitrogen_deficient
59.8,6.17,1.77,72.82,75.89,54.41,28.44,87.71,63.86,sigatoka_risk
30.79,6.3,2.67,87.95,61.36,52.7,34.09,46.31,11.49,water_stress
53.97,6.14,1.61,73.61,100.9,41.19,24.24,69.91,1.51,healthy
30.63,6.12,3.18,95.59,61.38,36.77,29.98,35.68,14.39,water_stress
68.08,6.33,1.94,67.77,105.87,48.03,28.06,70.99,15.14,healthy
62.3,5.17,0.58,93.7,58.43,45.17,31.2,69.8,11.09,nitrogen_deficient
33.95,6.65,3.11,107.78,84.02,49.82,27.82,49.47,14.08,water_stress
61.83,6.28,1.59,64.99,94.46,41.68,27.07,73.93,7.7,healthy
63.61,5.88,0.45,103.89,55.39,38.65,24.1,70.31,21.19,nitrogen_deficient
69.21,5.64,1.78,61.92,92.8,50.02,25.56,66.92,3.0,healthy
47.21,5.75,0.47,112.27,65.54,31.69,24.92,60.07,24.08,nitrogen_deficient
47.51,5.83,0.53,109.93,70.24,34.72,24.23,56.03,11.86,nitrogen_deficient
47.64,5.32,0.54,110.25,69.23,49.01,30.21,73.65,19.33,nitrogen_deficient
53.73,6.17,1.8,73.95,96.33,51.02,24.22,71.21,7.88,healthy
56.9,5.78,0.78,105.53,73.81,38.61,25.26,71.05,21.39,nitrogen_deficient
58.54,6.3,1.17,91.67,83.68,58.21,27.73,89.93,93.57,sigatoka_risk
54.92,6.29,1.68,64.44,107.55,43.23,26.05,70.64,18.48,healthy
56.32,5.39,0.48,100.31,67.97,32.77,26.58,59.0,24.05,nitrogen_deficient
65.34,5.76,1.88,65.76,106.06,44.97,25.6,66.84,17.55,healthy
52.98,6.43,1.6,78.95,119.3,41.06,25.47,61.21,18.72,healthy
24.18,6.9,3.63,91.9,74.14,38.44,30.08,36.23,8.39,water_stress
67.86,5.76,1.64,69.25,106.1,45.06,26.55,65.71,28.46,healthy
56.64,5.56,0.57,95.17,53.49,50.11,24.28,73.4,2.55,nitrogen_deficient
17.07,7.06,3.28,89.1,61.36,39.3,30.09,36.77,7.96,water_stress
57.06,6.14,1.94,65.17,94.93,54.64,26.35,60.61,12.27,healthy
63.8,5.64,1.6,72.99,86.41,55.3,27.08,88.39,80.41,sigatoka_risk
60.24,6.45,1.76,77.66,109.98,40.78,27.01,68.17,7.85,healthy
56.08,6.3,1.36,66.98,92.13,42.17,26.89,65.9,19.17,healthy
54.22,5.97,1.98,69.89,101.07,42.73,28.92,65.6,16.53,healthy
61.27,5.88,1.57,80.28,86.08,55.39,27.01,88.58,63.88,sigatoka_risk
48.79,5.18,0.73,107.05,68.46,33.44,31.01,62.36,16.42,nitrogen_deficient
53.12,5.65,1.33,72.4,111.67,42.13,27.61,61.07,16.97,healthy
15.58,6.13,3.25,91.12,66.26,44.62,32.6,37.33,3.0,water_stress
26.74,6.12,3.27,107.56,79.8,50.0,36.23,38.29,7.55,water_stress
66.46,5.74,1.4,66.13,95.64,44.54,26.88,71.87,6.68,healthy
50.78,6.14,1.54,73.46,111.66,50.37,26.77,65.43,29.52,healthy
30.41,6.89,3.88,91.22,65.95,44.5,35.47,47.38,14.82,water_stress
55.9,6.06,1.97,63.78,115.91,60.18,25.83,70.16,11.76,healthy
56.59,6.05,1.88,64.69,104.12,52.16,26.74,70.95,24.16,healthy
24.22,6.11,3.74,107.26,85.59,34.45,35.31,42.95,3.72,water_stress
59.73,5.93,1.73,71.48,81.34,56.72,30.39,88.87,91.9,sigatoka_risk
69.7,5.81,1.77,66.09,102.5,55.86,25.65,69.3,27.19,healthy
30.28,6.93,3.12,91.28,82.3,46.1,35.17,39.67,1.62,water_stress
33.84,6.82,3.62,88.82,80.81,51.81,36.13,41.36,13.38,water_stress
55.49,5.68,1.52,64.95,89.48,58.21,23.87,73.68,3.03,healthy
59.72,5.52,1.37,60.7,115.67,48.03,26.67,71.78,28.25,healthy
66.73,5.87,1.17,78.61,79.46,47.85,28.94,86.59,68.27,sigatoka_risk
57.81,5.65,1.74,68.28,107.76,51.19,25.69,66.54,8.46,healthy
55.52,5.88,1.67,91.05,97.88,60.95,27.04,91.18,59.72,sigatoka_risk
55.75,5.78,1.49,74.83,99.02,60.19,25.32,69.54,23.84,healthy
61.95,5.94,0.56,103.15,52.68,35.09,26.33,71.9,21.15,nitrogen_deficient
48.83,5.23,0.66,96.63,54.85,41.61,30.29,64.19,9.86,nitrogen_deficient
28.36,6.77,3.87,101.57,76.62,53.27,35.53,48.86,11.08,water_stress
31.33,6.42,3.66,99.02,62.04,41.34,31.32,39.54,4.15,water_stress
66.4,6.34,1.31,69.0,119.07,43.25,24.54,68.22,1.08,healthy
45.08,5.72,0.56,111.38,62.29,43.62,29.58,72.74,0.96,nitrogen_deficient
65.67,6.53,1.38,73.66,81.07,62.23,31.23,90.64,76.32,sigatoka_risk
73.2,5.96,1.06,76.33,89.34,48.51,27.06,86.74,67.58,sigatoka_risk
56.7,5.69,1.45,78.16,98.15,63.36,27.86,90.43,64.16,sigatoka_risk
55.43,5.78,1.39,72.64,90.61,55.1,26.48,96.22,82.36,sigatoka_risk
19.28,6.8,3.99,88.15,83.52,43.76,34.21,49.71,1.23,water_stress
60.02,4.95,0.79,116.64,60.44,48.11,28.13,55.75,1.25,nitrogen_deficient
55.8,6.36,1.44,79.89,93.03,48.59,22.26,61.52,7.44,healthy
74.76,6.17,1.49,87.53,72.96,63.74,28.76,93.03,60.37,sigatoka_risk
56.64,6.37,1.8,84.22,74.92,62.59,28.29,92.09,75.52,sigatoka_risk
33.79,6.07,3.04,94.24,86.12,41.61,36.74,37.6,13.46,water_stress
18.1,6.04,3.46,104.78,77.78,38.58,37.83,50.42,4.34,water_stress
57.64,5.16,0.47,97.07,54.24,44.99,26.26,69.69,2.52,nitrogen_deficient
19.94,6.74,2.54,95.92,68.18,47.84,32.28,35.29,9.84,water_stress
70.63,6.41,1.09,92.95,94.18,61.09,30.62,88.18,66.25,sigatoka_risk
64.7,5.69,1.16,87.85,87.15,61.91,29.13,95.75,82.28,sigatoka_risk
30.97,6.4,2.92,88.36,67.25,42.39,33.32,51.56,10.56,water_stress
73.55,5.94,1.81,72.08,93.61,54.19,25.73,89.14,64.42,sigatoka_risk
63.55,5.2,0.47,113.86,65.93,39.99,27.36,63.65,20.42,nitrogen_deficient
66.66,6.24,1.42,63.69,106.46,48.81,25.27,62.11,10.42,healthy
61.14,6.09,1.34,76.58,93.28,55.61,26.88,96.04,70.31,sigatoka_risk
64.19,5.34,0.54,101.35,69.38,50.11,31.55,70.32,20.66,nitrogen_deficient
68.44,5.98,1.57,95.84,84.18,58.56,30.31,88.72,62.68,sigatoka_risk
53.73,5.78,0.66,118.48,59.04,43.38,27.14,57.38,1.62,nitrogen_deficient
53.99,5.48,0.73,105.85,53.08,44.38,27.26,60.93,10.84,nitrogen_deficient
56.96,6.15,1.59,62.76,111.15,51.26,22.75,64.59,23.43,healthy
64.07,5.97,2.0,80.29,114.78,54.44,27.7,66.97,28.76,healthy
72.33,5.82,1.59,70.44,98.55,46.0,29.01,95.33,90.59,sigatoka_risk
65.73,5.59,0.65,99.36,66.83,36.43,28.21,57.02,5.69,nitrogen_deficient
48.66,5.11,0.71,90.39,55.4,38.61,27.89,64.93,15.56,nitrogen_deficient
64.76,5.09,0.46,114.07,70.35,48.06,27.74,56.63,13.1,nitrogen_deficient
57.45,5.23,0.59,113.06,73.76,46.28,29.9,59.27,19.37,nitrogen_deficient
62.56,5.21,0.43,106.68,60.25,45.25,25.45,64.35,23.14,nitrogen_deficient
45.53,5.81,0.7,115.17,63.05,43.37,22.9,66.07,17.38,nitrogen_deficient
57.69,5.83,2.02,65.81,112.9,57.03,23.58,68.06,9.36,healthy
51.04,6.55,1.25,71.66,114.03,41.24,28.38,72.7,13.22,healthy
46.11,5.07,0.67,104.08,66.2,42.69,31.08,72.22,14.77,nitrogen_deficient
31.56,6.79,3.68,108.44,82.09,49.65,28.56,52.7,10.34,water_stress
58.91,5.72,1.51,71.51,73.67,55.48,32.0,89.22,61.51,sigatoka_risk
57.77,5.84,1.2,80.32,98.79,42.25,24.91,63.89,26.67,healthy
68.05,6.09,1.08,94.2,96.59,55.26,28.79,99.6,79.41,sigatoka_risk
24.76,6.5,2.89,95.62,74.01,41.78,33.53,48.37,0.61,water_stress
71.28,5.94,1.39,93.91,80.12,60.21,27.15,95.9,94.09,sigatoka_risk
59.66,6.4,1.75,74.65,82.3,60.59,26.48,99.37,69.3,sigatoka_risk
54.91,5.85,1.3,71.6,75.86,53.38,27.27,92.18,67.4,sigatoka_risk
66.55,5.98,1.15,73.74,71.17,61.36,29.14,85.0,81.2,sigatoka_risk
50.36,6.2,1.49,74.75,112.01,57.34,25.02,71.82,8.72,healthy
63.18,5.98,1.12,92.59,85.58,48.66,27.9,94.31,64.73,sigatoka_risk
74.39,6.06,1.61,78.99,78.41,57.54,26.22,93.37,61.92,sigatoka_risk
73.48,6.01,1.34,90.16,88.98,47.63,29.17,89.04,67.59,sigatoka_risk
34.7,6.8,2.57,110.02,74.77,53.83,35.95,52.33,2.23,water_stress
50.99,5.02,0.52,95.87,59.01,43.88,29.05,68.82,20.84,nitrogen_deficient
51.24,6.33,1.56,76.58,93.43,52.64,24.87,61.97,13.62,healthy
49.1,5.62,1.78,69.34,92.85,44.91,28.92,74.88,2.03,healthy
59.41,6.19,1.55,81.42,97.26,51.82,25.55,93.31,78.46,sigatoka_risk
30.93,6.53,3.24,103.11,77.04,53.51,32.45,35.1,5.69,water_stress
69.79,6.21,1.2,72.83,87.66,61.85,26.03,86.07,60.37,sigatoka_risk
64.03,5.29,0.59,113.64,57.78,32.57,24.96,62.48,19.43,nitrogen_deficient
53.19,5.24,0.79,99.72,51.56,33.93,28.47,58.11,2.95,nitrogen_deficient
55.25,6.14,1.31,65.82,100.37,60.68,25.53,73.94,13.3,healthy
51.57,5.78,1.75,61.58,97.25,41.31,22.44,75.93,18.71,healthy
69.53,5.67,1.19,88.17,92.19,61.28,28.88,86.97,75.21,sigatoka_risk
16.08,6.51,3.54,105.58,68.62,46.69,31.89,53.03,8.18,water_stress
57.26,5.19,0.66,107.82,53.07,34.47,23.86,72.82,18.23,nitrogen_deficient
62.89,6.0,1.61,67.77,100.39,45.46,22.71,68.25,24.58,healthy
67.72,5.97,1.95,79.65,116.56,45.22,27.68,65.6,7.92,healthy
59.41,5.9,0.48,109.36,56.54,32.4,25.91,74.57,15.22,nitrogen_deficient
62.44,5.9,1.73,86.88,88.88,61.83,28.81,97.81,91.77,sigatoka_risk
47.25,5.3,0.43,118.09,71.45,35.16,28.46,63.56,16.28,nitrogen_deficient
48.54,5.65,0.4,106.23,59.75,42.23,29.27,68.57,0.56,nitrogen_deficient
54.29,5.73,1.7,67.34,109.94,56.03,22.37,62.92,10.59,healthy
32.44,6.06,3.88,90.63,80.73,53.51,28.92,46.88,13.68,water_stress
57.0,6.38,1.57,76.93,106.99,50.36,26.26,62.38,19.23,healthy
47.79,5.69,0.48,108.06,50.82,43.62,26.09,58.24,18.06,nitrogen_deficient
27.52,6.79,3.62,87.2,63.64,49.26,28.77,42.95,8.82,water_stress
23.1,5.95,3.45,91.75,79.88,40.92,30.26,43.99,11.0,water_stress
25.57,6.54,3.14,88.31,85.35,45.45,32.96,38.85,2.94,water_stress
57.75,6.26,1.61,80.9,100.09,53.81,27.64,87.28,95.89,sigatoka_risk
55.22,6.22,1.11,89.61,90.73,53.5,25.27,90.88,85.19,sigatoka_risk
55.59,5.97,1.01,89.22,77.41,64.45,31.34,86.7,60.7,sigatoka_risk
64.21,6.29,1.38,61.79,91.75,56.46,23.31,67.6,0.96,healthy
63.45,5.7,1.85,69.7,115.49,40.65,29.16,67.53,2.1,healthy
52.11,5.8,0.79,101.82,53.96,30.85,26.15,63.19,13.91,nitrogen_deficient
67.48,6.42,1.53,71.75,84.03,50.94,27.25,87.03,69.9,sigatoka_risk
70.07,5.73,1.49,67.41,120.12,41.06,25.5,70.76,11.05,healthy
62.37,6.18,1.61,62.11,106.66,43.39,30.04,67.36,27.25,healthy
48.97,5.53,0.66,105.2,60.59,41.29,25.22,57.98,17.26,nitrogen_deficient
53.25,6.41,1.96,60.29,106.92,46.73,29.9,62.08,2.34,healthy
63.56,5.85,0.81,100.1,71.7,42.57,23.58,60.07,21.55,nitrogen_deficient
23.83,6.28,3.41,101.82,59.42,45.02,32.35,36.76,7.88,water_stress
66.3,5.94,1.3,75.47,90.25,55.85,29.16,95.33,78.35,sigatoka_risk
23.62,5.99,3.24,92.91,72.2,52.11,34.14,38.64,4.85,water_stress
68.55,6.17,1.76,66.48,103.59,55.69,28.74,70.2,22.23,healthy
56.13,5.36,0.65,111.41,65.38,39.37,28.52,56.83,21.66,nitrogen_deficient
57.97,5.93,1.55,60.89,93.02,48.17,27.01,59.26,18.6,healthy
58.35,5.22,0.68,116.48,55.41,33.61,30.68,68.79,16.27,nitrogen_deficient
63.35,5.51,0.48,118.11,70.12,46.19,24.34,64.09,23.4,nitrogen_deficient
33.72,6.54,2.64,97.41,78.74,42.63,32.88,50.83,7.51,water_stress
34.7,7.04,2.98,90.58,65.84,48.75,32.79,45.64,12.61,water_stress
63.62,5.95,1.09,90.48,91.58,47.99,25.73,91.06,63.76,sigatoka_risk
57.75,6.45,1.67,67.96,111.46,48.92,29.28,70.18,18.73,healthy
55.76,5.15,0.5,100.63,67.59,34.86,30.73,67.54,12.94,nitrogen_deficient
24.26,6.65,3.88,103.75,61.41,45.13,35.3,51.31,6.98,water_stress
20.79,6.45,3.95,107.93,83.15,43.74,33.56,38.03,7.14,water_stress
20.39,6.02,3.87,101.73,77.34,36.52,28.77,46.2,0.24,water_stress
60.74,5.99,1.78,86.99,80.03,48.63,30.36,88.81,60.62,sigatoka_risk
54.87,5.02,0.63,111.17,52.68,36.02,22.82,70.77,20.17,nitrogen_deficient
19.2,6.26,2.69,108.72,62.79,37.92,33.69,47.03,14.86,water_stress
18.01,6.17,3.42,108.14,69.16,46.02,32.89,51.8,10.92,water_stress
61.8,5.04,0.43,111.96,57.86,42.59,26.14,73.99,1.09,nitrogen_deficient
55.18,5.62,1.55,86.97,87.82,56.97,27.24,91.01,85.7,sigatoka_risk
62.02,5.86,0.47,116.39,75.45,47.14,26.39,66.04,0.76,nitrogen_deficient
56.4,6.31,1.64,70.16,91.45,48.16,22.27,73.61,12.25,healthy
62.3,5.5,0.69,104.99,65.63,38.04,29.35,70.3,13.58,nitrogen_deficient
31.43,6.08,3.52,107.31,73.83,43.42,30.82,37.41,14.53,water_stress
60.32,5.65,1.52,76.99,89.41,52.8,23.77,64.6,6.99,healthy
63.86,5.83,1.32,75.73,91.0,47.75,23.08,64.42,19.91,healthy
20.02,6.74,3.29,99.88,80.79,42.3,29.84,41.99,4.62,water_stress
58.55,6.34,1.71,67.64,114.04,54.0,22.63,65.57,14.92,healthy
48.02,5.75,0.78,107.84,52.53,45.18,31.14,63.94,5.16,nitrogen_deficient
70.96,6.32,1.59,90.2,93.01,55.47,28.52,94.28,71.24,sigatoka_risk
30.59,6.59,2.62,103.48,82.18,46.33,28.43,45.65,3.76,water_stress
50.03,5.23,0.6,96.26,58.83,34.44,21.81,69.22,6.83,nitrogen_deficient
50.47,5.04,0.72,93.64,51.32,31.87,25.38,67.44,4.79,nitrogen_deficient
72.32,5.58,1.55,88.38,79.06,62.48,27.34,93.2,93.97,sigatoka_risk
32.26,6.63,3.31,106.52,61.38,52.48,33.6,35.45,8.86,water_stress
65.45,5.67,1.36,72.38,91.28,43.48,25.97,67.92,25.54,healthy
72.61,6.35,1.37,91.33,70.2,57.41,28.84,86.28,89.31,sigatoka_risk
56.07,6.07,1.89,71.28,96.13,44.95,25.8,64.64,22.19,healthy
66.8,5.53,1.16,75.27,83.19,46.87,29.29,88.32,79.33,sigatoka_risk
55.06,5.65,1.53,67.06,103.99,57.17,28.53,63.93,27.02,healthy
67.86,5.82,1.77,75.27,89.97,55.68,28.0,87.49,86.14,sigatoka_risk
57.15,5.14,0.76,103.51,61.35,36.38,23.53,57.04,8.75,nitrogen_deficient
26.6,6.69,3.37,91.88,79.11,48.34,33.8,44.6,13.56,water_stress
62.17,5.48,0.72,96.59,62.11,42.87,30.46,74.33,13.42,nitrogen_deficient
56.91,5.58,1.28,68.58,111.53,59.87,27.47,70.54,25.97,healthy
60.59,6.24,1.62,68.9,119.98,46.58,27.98,61.24,5.27,healthy
64.47,6.45,1.31,75.9,85.12,64.84,28.01,90.8,72.12,sigatoka_risk
45.45,5.35,0.69,110.93,50.72,45.02,30.51,71.4,14.21,nitrogen_deficient
60.06,5.83,1.55,77.1,92.8,57.51,24.74,72.45,25.71,healthy
46.32,5.99,0.75,90.37,64.97,49.6,25.94,70.53,11.5,nitrogen_deficient
68.27,6.15,1.66,76.6,116.25,45.73,26.85,69.11,16.88,healthy
55.93,5.26,0.42,112.26,58.47,36.69,21.87,73.62,1.28,nitrogen_deficient
67.24,6.37,1.53,70.0,100.87,58.42,29.18,70.32,0.67,healthy
17.1,7.05,3.49,108.56,63.91,50.29,35.96,36.33,8.87,water_stress
70.94,6.06,1.78,79.81,84.89,53.77,32.16,95.88,62.07,sigatoka_risk
25.77,6.04,3.76,101.05,82.15,46.31,37.97,39.1,0.19,water_stress
58.94,6.05,1.31,69.19,94.06,52.79,31.82,88.09,91.1,sigatoka_risk
53.31,6.05,1.72,73.05,109.47,45.82,22.74,75.29,27.98,healthy
66.17,6.2,1.24,68.73,99.44,51.68,24.3,65.25,12.54,healthy
50.53,5.87,0.77,106.45,66.44,37.45,22.1,55.99,3.68,nitrogen_deficient
67.57,5.79,1.05,93.01,98.37,46.86,31.99,89.25,81.96,sigatoka_risk
54.48,6.19,1.7,71.17,109.48,47.33,26.3,63.05,29.55,healthy
15.26,6.46,2.55,91.53,73.81,36.47,35.17,44.51,5.1,water_stress
30.98,6.09,3.84,99.35,83.74,42.7,35.52,46.4,10.21,water_stress
48.09,5.32,0.63,116.74,57.04,29.82,26.08,72.29,21.02,nitrogen_deficient
47.11,5.56,0.51,98.01,52.89,31.56,30.59,57.22,3.16,nitrogen_deficient
61.36,6.42,1.88,74.9,105.44,43.02,26.51,64.26,20.1,healthy
44.4,5.27,0.57,96.65,71.56,47.15,32.44,59.64,20.88,nitrogen_deficient
68.07,5.83,1.97,72.5,113.66,51.17,26.55,61.71,4.55,healthy
32.83,7.01,3.72,109.68,78.7,51.74,36.5,35.31,9.94,water_stress
22.33,6.49,3.38,101.98,76.81,41.21,35.45,44.61,1.89,water_stress
56.46,6.09,1.37,93.59,77.83,46.38,26.46,87.54,89.29,sigatoka_risk
52.86,5.41,0.72,91.88,63.93,43.71,26.4,65.02,6.25,nitrogen_deficient
55.31,5.56,0.43,93.53,57.58,36.42,27.79,61.79,23.93,nitrogen_deficient
56.77,5.82,1.46,86.44,76.56,54.15,30.19,97.24,78.12,sigatoka_risk
60.06,5.35,0.79,93.6,61.38,44.27,23.26,70.7,13.89,nitrogen_deficient
64.04,5.39,0.59,103.23,64.92,32.25,25.65,73.44,15.04,nitrogen_deficient
18.21,6.11,3.22,108.03,80.16,41.31,32.6,50.9,2.8,water_stress
60.9,5.9,1.68,72.46,112.39,51.46,30.33,72.55,27.07,healthy
61.11,5.91,1.96,61.7,109.95,42.33,26.79,66.36,1.27,healthy
17.28,6.32,3.48,95.47,75.97,37.23,38.08,39.4,4.44,water_stress
50.69,5.56,1.4,79.0,117.89,51.26,25.32,59.28,4.99,healthy
45.64,5.42,0.59,106.09,53.22,48.68,26.36,72.88,17.23,nitrogen_deficient
31.42,6.07,2.89,100.85,65.75,53.97,33.54,37.88,11.69,water_stress
63.09,6.25,1.98,71.6,93.12,52.13,29.23,73.63,14.34,healthy
55.27,5.64,0.68,110.37,55.95,44.7,32.22,65.26,2.14,nitrogen_deficient
50.93,5.5,0.4,100.24,67.32,36.0,28.27,64.54,11.26,nitrogen_deficient
56.21,6.17,1.63,85.73,96.8,63.31,28.09,86.42,77.6,sigatoka_risk
45.6,5.86,0.63,116.76,68.65,42.02,24.34,67.69,14.45,nitrogen_deficient
62.42,6.02,1.87,59.95,98.74,45.59,28.28,72.1,5.25,healthy
33.22,6.64,3.64,106.69,72.32,42.86,31.15,36.27,12.75,water_stress
33.52,6.88,3.33,98.58,80.98,53.79,35.01,37.04,10.97,water_stress
15.17,6.74,3.93,99.42,78.18,43.45,34.26,52.56,11.18,water_stress
63.66,5.33,0.79,104.38,51.07,37.44,28.0,65.88,15.39,nitrogen_deficient
56.01,6.18,1.68,80.38,97.03,46.72,26.56,93.49,81.33,sigatoka_risk
67.37,5.86,1.21,90.15,85.69,59.87,25.54,92.81,64.55,sigatoka_risk
53.31,6.02,1.97,71.33,118.28,41.73,28.33,72.36,5.21,healthy
57.83,5.99,1.24,63.66,108.77,53.93,25.86,64.72,23.39,healthy
69.7,5.68,1.96,75.75,91.84,58.94,26.62,62.7,24.99,healthy
32.73,6.24,2.96,95.53,64.03,52.37,31.77,54.26,12.24,water_stress
58.67,6.33,1.78,90.98,72.72,62.75,24.79,85.68,81.31,sigatoka_risk
31.65,6.57,3.42,87.54,66.54,40.84,37.15,51.46,6.31,water_stress
28.75,6.79,2.56,98.83,74.32,49.64,32.04,50.88,2.02,water_stress
68.05,5.6,1.96,76.46,96.05,51.6,25.55,65.85,15.78,healthy
49.51,5.87,0.46,101.37,68.15,48.17,23.1,58.85,0.81,nitrogen_deficient
63.11,5.8,1.59,71.69,95.25,52.88,31.26,89.35,62.3,sigatoka_risk
57.09,6.5,1.75,87.15,85.26,62.94,26.53,87.76,81.51,sigatoka_risk
65.58,6.31,1.71,95.27,96.33,48.95,28.61,85.94,62.63,sigatoka_risk
62.2,5.51,1.5,77.41,89.93,59.78,27.43,64.5,5.55,healthy
59.93,6.06,1.97,63.33,106.04,49.38,23.44,67.17,25.27,healthy
63.63,5.78,0.61,119.44,69.74,45.76,29.44,68.54,20.02,nitrogen_deficient
62.54,5.06,0.78,110.39,56.91,34.78,31.0,68.03,3.07,nitrogen_deficient
64.51,6.17,1.44,89.67,72.21,63.45,31.36,91.66,64.31,sigatoka_risk
22.42,6.14,2.61,86.35,70.38,49.2,35.24,42.79,13.68,water_stress
64.44,5.78,1.65,66.48,111.06,59.14,23.06,64.57,29.22,healthy
63.96,6.37,1.27,75.89,89.31,41.43,27.76,70.32,23.26,healthy
66.81,5.67,0.99,87.34,89.06,60.16,29.09,86.37,86.87,sigatoka_risk
57.43,5.75,1.23,91.18,74.16,50.17,24.57,92.33,66.48,sigatoka_risk
61.7,5.54,1.8,75.19,99.79,47.21,24.94,67.97,17.67,healthy
53.68,5.72,0.71,101.97,67.9,36.69,24.12,65.45,18.62,nitrogen_deficient
34.79,6.1,2.95,106.26,75.08,54.79,32.02,41.53,9.58,water_stress
68.14,5.69,1.11,86.38,92.08,61.97,28.33,97.66,69.95,sigatoka_risk
58.82,5.66,1.21,92.37,80.39,51.45,26.01,85.41,86.63,sigatoka_risk
57.16,5.85,1.21,85.49,71.76,62.2,26.5,85.63,78.5,sigatoka_risk
19.1,5.96,3.66,99.86,77.75,51.47,28.19,53.44,3.57,water_stress
67.48,5.59,1.0,93.33,86.54,49.78,27.19,87.66,88.55,sigatoka_risk
22.2,7.11,2.58,102.0,60.74,44.94,34.96,41.31,3.36,water_stress
64.55,6.16,1.65,63.82,105.7,57.87,25.91,67.65,23.08,healthy
21.56,6.7,2.92,105.85,79.73,44.56,32.67,53.32,2.09,water_stress
59.87,6.22,1.39,74.91,101.96,39.48,28.06,69.08,15.28,healthy
28.9,6.36,3.69,106.43,75.61,50.8,32.95,38.28,7.49,water_stress
65.06,6.29,1.55,79.74,108.41,42.18,24.63,72.42,19.09,healthy
62.72,5.54,1.5,68.39,96.0,41.76,27.08,69.55,30.36,healthy
68.54,5.95,1.13,73.37,86.27,62.24,27.03,95.51,90.26,sigatoka_risk
51.58,5.71,1.93,61.51,111.74,60.75,24.65,60.23,17.32,healthy
22.92,6.13,3.62,102.53,69.31,55.74,37.68,39.5,7.08,water_stress
28.31,6.68,2.77,98.59,73.72,51.11,30.0,47.03,13.22,water_stress
73.8,6.0,1.18,83.41,92.48,59.65,31.62,86.25,77.05,sigatoka_risk
28.81,6.83,3.55,106.29,68.27,44.09,31.24,47.83,5.06,water_stress
48.94,5.23,0.62,113.37,64.29,36.81,24.22,63.11,21.61,nitrogen_deficient
53.28,5.94,0.69,116.61,57.41,48.3,31.24,55.52,20.1,nitrogen_deficient
58.74,6.35,1.46,87.54,90.68,51.62,25.92,96.46,65.75,sigatoka_risk
15.86,6.43,3.48,91.98,61.51,53.28,32.51,39.07,12.51,water_stress
58.21,6.2,1.38,68.75,96.99,58.33,23.81,69.36,29.77,healthy
68.51,6.48,1.56,70.8,104.67,47.21,26.4,65.44,5.21,healthy
15.54,6.79,3.67,100.6,68.0,46.94,30.91,39.16,7.68,water_stress
50.5,5.22,0.43,92.92,73.43,39.75,22.36,66.34,1.77,nitrogen_deficient
28.16,6.04,3.6,109.36,61.83,49.29,28.47,38.92,8.26,water_stress
52.76,5.71,0.73,91.39,67.42,38.67,31.42,59.29,4.13,nitrogen_deficient
69.46,5.85,1.82,64.92,88.5,58.63,28.48,60.75,18.26,healthy
53.3,6.28,1.43,70.1,104.53,52.39,27.74,64.81,8.58,healthy
20.97,6.23,3.78,86.78,83.71,44.48,34.29,36.95,14.39,water_stress
61.38,5.2,0.48,116.54,60.27,32.15,31.23,70.15,1.18,nitrogen_deficient
62.52,5.74,0.52,115.25,57.29,42.23,26.02,57.12,18.09,nitrogen_deficient
33.41,6.09,2.85,107.43,69.16,42.68,27.97,51.99,4.88,water_stress
20.3,6.29,2.66,90.52,74.45,40.6,34.41,47.29,6.19,water_stress
68.35,6.38,1.4,91.65,98.42,45.56,30.12,92.06,85.32,sigatoka_risk
28.08,6.6,2.85,89.66,71.25,42.1,36.42,54.75,1.99,water_stress
67.81,5.77,1.96,61.52,101.48,42.09,24.92,61.85,4.7,healthy
21.78,6.04,3.85,93.27,81.0,46.33,32.58,38.44,0.18,water_stress
25.25,6.33,3.94,104.23,62.21,42.79,34.03,35.51,4.91,water_stress
63.07,6.26,1.21,91.43,80.38,49.68,25.13,90.65,83.47,sigatoka_risk
25.5,6.41,2.65,107.24,72.89,43.63,37.75,54.35,8.35,water_stress
21.53,6.09,3.65,95.04,77.95,46.84,37.18,53.4,1.71,water_stress
62.84,5.4,1.49,81.6,95.24,53.61,31.88,94.13,74.81,sigatoka_risk
25.18,6.0,3.44,102.16,70.35,37.29,30.26,51.6,13.76,water_stress
65.49,5.93,1.62,63.39,112.93,48.15,26.06,62.89,2.48,healthy
24.09,6.82,3.65,98.74,82.17,49.13,37.13,44.32,10.94,water_stress
58.15,5.62,1.93,64.9,92.17,55.43,26.53,66.54,4.67,healthy
26.17,6.29,2.62,85.32,64.27,38.74,28.45,50.7,6.72,water_stress
16.57,6.25,3.35,93.88,79.44,42.82,35.69,36.84,5.99,water_stress
31.34,6.07,3.28,94.71,67.88,38.88,34.36,54.37,3.9,water_stress
68.6,6.2,1.98,69.53,98.83,54.68,25.35,72.67,24.97,healthy
66.43,5.58,1.77,79.51,96.97,45.59,24.43,68.48,13.88,healthy
63.64,6.15,1.28,82.73,84.43,47.46,25.27,95.89,71.2,sigatoka_risk
64.41,5.81,1.38,78.84,112.05,58.57,27.31,66.77,27.05,healthy
50.22,5.27,0.51,93.71,73.02,37.91,23.23,62.07,22.02,nitrogen_deficient
48.85,5.51,0.53,101.09,67.5,43.91,22.38,59.57,10.81,nitrogen_deficient
19.34,6.62,2.97,103.99,77.38,43.46,29.72,46.07,10.38,water_stress
74.99,5.65,1.42,74.8,75.76,56.59,30.21,96.49,91.11,sigatoka_risk
15.44,6.73,3.64,94.37,74.97,43.86,33.6,38.41,11.09,water_stress
64.54,6.42,1.3,77.74,75.26,47.37,26.19,93.24,82.68,sigatoka_risk
54.72,6.05,1.98,61.19,110.61,52.7,28.14,61.87,29.3,healthy
60.41,5.55,1.91,76.89,100.68,51.91,27.32,70.17,13.12,healthy
52.92,6.08,1.77,71.55,119.61,45.78,21.77,66.06,14.42,healthy
61.43,5.9,0.65,120.78,61.05,45.09,31.65,61.37,12.06,nitrogen_deficient
31.66,6.9,2.57,89.83,71.66,39.16,32.44,50.74,11.48,water_stress
60.99,5.67,1.53,73.84,95.87,57.9,28.77,63.71,12.46,healthy
70.23,5.87,1.8,76.27,90.06,56.62,27.81,86.67,89.44,sigatoka_risk
23.56,6.04,3.48,89.93,73.23,40.13,34.57,44.41,14.25,water_stress
19.36,6.8,2.51,94.93,64.61,39.89,28.36,45.29,10.63,water_stress
59.57,5.73,1.5,60.05,119.27,45.35,28.08,71.22,25.22,healthy
18.93,6.64,3.61,102.37,71.5,47.03,35.44,51.67,15.07,water_stress
67.08,5.59,1.83,74.69,92.73,53.57,21.9,69.72,2.54,healthy
49.15,5.02,0.47,117.97,69.09,47.49,25.65,64.84,21.74,nitrogen_deficient
64.8,6.22,1.05,69.29,95.87,57.97,28.25,87.54,94.32,sigatoka_risk
57.88,5.67,0.74,97.94,71.12,38.66,29.16,62.46,5.78,nitrogen_deficient
58.59,5.2,0.47,115.18,75.16,48.27,30.46,56.08,24.34,nitrogen_deficient
67.22,5.84,1.39,85.17,71.97,49.92,27.59,93.77,76.15,sigatoka_risk
62.32,6.12,1.37,92.48,80.24,57.32,26.6,90.01,78.68,sigatoka_risk
57.68,6.06,1.34,74.3,84.81,46.54,29.56,87.99,83.47,sigatoka_risk
65.05,6.2,1.26,85.64,91.53,54.88,26.86,93.97,91.96,sigatoka_risk
24.95,6.55,3.26,98.02,75.17,51.16,30.23,44.3,11.99,water_stress
54.62,5.94,0.57,103.88,64.59,30.95,31.48,69.41,23.17,nitrogen_deficient
68.51,5.83,1.81,94.18,75.46,56.37,30.34,96.39,90.12,sigatoka_risk
58.04,5.4,0.57,104.02,60.03,34.83,28.2,71.22,9.7,nitrogen_deficient
63.84,5.36,0.7,100.37,73.01,38.75,22.3,55.85,18.41,nitrogen_deficient
50.51,6.19,1.66,60.44,108.9,40.32,25.79,64.76,16.76,healthy
31.18,5.95,2.5,89.13,66.55,53.71,33.25,50.28,3.17,water_stress
57.51,6.24,1.23,79.23,92.0,57.72,26.2,97.45,63.77,sigatoka_risk
19.24,6.32,3.77,103.67,63.74,39.16,35.4,52.59,10.86,water_stress
71.16,6.09,1.07,87.44,87.31,47.98,27.22,87.84,77.21,sigatoka_risk
35.06,6.54,3.13,92.72,73.59,36.58,36.08,54.01,1.99,water_stress
57.09,5.41,0.45,106.14,68.15,41.0,24.2,69.43,7.23,nitrogen_deficient
55.5,6.27,1.45,78.22,99.12,48.55,22.91,67.53,11.73,healthy
54.79,5.72,1.69,73.59,92.56,59.02,27.44,72.32,10.99,healthy
64.51,6.18,1.59,84.23,99.43,58.48,31.54,92.69,88.79,sigatoka_risk
32.66,6.92,2.79,97.97,65.48,40.91,33.02,38.2,0.71,water_stress
57.33,6.23,1.79,85.59,92.97,49.64,29.74,83.83,66.12,sigatoka_risk
69.1,6.49,1.48,78.07,89.6,65.21,26.12,94.03,62.14,sigatoka_risk
44.59,5.57,0.5,117.48,69.3,34.23,24.08,68.57,11.45,nitrogen_deficient
46.18,5.0,0.64,92.47,64.06,42.26,28.37,73.22,0.85,nitrogen_deficient
45.76,5.88,0.59,115.48,67.1,46.01,25.16,54.77,4.05,nitrogen_deficient
58.83,6.13,1.68,61.92,97.14,49.03,22.82,62.45,21.03,healthy
65.21,6.07,1.38,76.38,115.76,52.22,22.66,64.99,9.46,healthy
35.33,6.11,2.66,108.4,59.84,47.87,33.9,37.15,11.4,water_stress
75.09,5.76,1.15,91.47,84.46,46.84,26.91,92.32,88.94,sigatoka_risk
66.52,5.84,1.81,69.66,93.16,56.62,25.44,72.12,18.74,healthy
34.43,6.47,3.21,89.74,66.57,48.14,32.28,46.0,4.29,water_stress
64.72,6.26,1.42,62.07,102.63,49.28,26.53,63.58,24.19,healthy
66.23,5.95,1.79,70.73,94.39,58.04,27.24,87.64,69.05,sigatoka_risk
53.56,5.46,0.77,115.51,50.6,36.81,22.47,70.73,11.87,nitrogen_deficient
60.24,5.93,0.55,107.29,61.17,47.28,30.0,64.69,24.68,nitrogen_deficient
51.97,5.29,0.69,105.94,70.96,34.68,25.7,68.4,17.76,nitrogen_deficient
50.24,6.21,1.75,60.95,109.19,50.22,29.63,74.58,4.43,healthy
57.37,5.81,1.68,73.43,90.84,51.39,24.12,64.53,5.32,healthy
58.04,5.56,1.22,75.06,116.65,46.71,24.55,62.99,8.81,healthy
55.12,5.15,0.8,103.09,59.06,31.45,27.57,68.39,3.05,nitrogen_deficient
52.03,6.48,1.5,68.78,112.96,56.53,21.87,60.69,21.66,healthy
58.38,5.03,0.54,93.68,65.58,38.77,31.95,63.24,19.23,nitrogen_deficient
30.8,6.57,3.17,105.42,83.75,41.93,38.05,45.32,12.71,water_stress
24.88,6.06,2.68,94.14,77.34,45.09,36.39,52.08,1.08,water_stress
20.15,7.03,2.68,90.43,80.67,52.8,32.5,54.0,8.61,water_stress
27.8,6.4,3.32,102.98,60.66,41.59,35.23,38.62,6.41,water_stress
20.45,6.35,3.68,98.22,77.78,49.29,33.03,50.5,3.89,water_stress
54.78,6.04,1.61,62.73,97.43,49.18,27.14,68.24,23.56,healthy
60.4,5.58,1.76,75.0,96.07,61.3,29.21,87.63,82.39,sigatoka_risk
59.03,5.09,0.79,107.7,69.37,43.72,29.95,60.82,15.18,nitrogen_deficient
26.17,6.59,3.62,110.2,63.58,43.26,28.32,46.11,12.16,water_stress
25.64,6.3,3.22,90.81,75.59,49.37,37.52,55.59,12.37,water_stress
74.23,5.84,1.71,73.55,73.58,60.37,28.3,87.8,73.51,sigatoka_risk
24.2,6.12,3.27,95.93,76.06,35.82,29.93,37.96,1.67,water_stress
66.91,5.73,1.65,76.02,108.41,54.6,29.17,69.3,9.22,healthy
64.09,5.85,1.55,74.27,79.99,56.16,28.07,90.05,86.68,sigatoka_risk
26.68,6.49,3.72,103.28,62.38,35.83,29.79,37.64,14.82,water_stress
15.25,6.77,3.21,101.55,81.87,44.82,34.7,53.55,4.86,water_stress
22.04,6.2,3.12,86.39,75.88,35.71,32.26,47.7,9.43,water_stress
25.51,6.44,3.81,108.35,74.64,52.79,32.66,52.52,1.38,water_stress
72.72,6.0,1.71,84.26,71.08,63.64,25.56,96.89,81.44,sigatoka_risk
18.72,6.52,2.5,96.49,68.69,44.54,35.51,43.31,4.88,water_stress
27.58,6.8,3.74,84.63,74.98,35.69,30.64,47.28,0.99,water_stress
47.99,6.07,0.72,103.19,72.84,48.61,21.88,55.3,5.24,nitrogen_deficient
18.44,7.01,2.99,85.42,83.26,37.54,37.26,49.53,7.29,water_stress
59.5,6.31,1.78,86.43,73.92,63.11,32.17,95.66,78.65,sigatoka_risk
60.84,5.26,0.76,98.56,55.08,46.91,27.28,68.87,0.1,nitrogen_deficient
19.57,6.44,2.79,92.01,82.02,40.16,35.79,41.54,2.68,water_stress
49.02,5.72,0.63,92.95,71.0,49.41,31.31,54.88,13.25,nitrogen_deficient
53.86,5.68,0.54,106.26,57.44,36.23,22.84,62.24,0.57,nitrogen_deficient
56.19,6.21,1.34,62.85,113.94,46.64,27.01,72.96,16.79,healthy
70.24,6.45,1.42,78.25,84.46,48.79,27.82,97.19,62.4,sigatoka_risk
65.75,6.55,1.53,78.36,94.96,55.38,23.48,74.78,9.7,healthy
32.24,6.56,2.82,103.4,77.61,40.69,28.67,55.42,14.72,water_stress
58.51,5.77,1.66,79.87,91.61,66.06,30.34,87.34,85.08,sigatoka_risk
64.73,6.07,1.2,76.48,70.05,62.45,28.85,97.12,73.87,sigatoka_risk
50.32,5.63,0.76,103.31,54.18,33.81,23.91,60.36,17.96,nitrogen_deficient
35.49,6.2,3.04,84.19,67.8,40.19,34.49,47.45,5.26,water_stress
16.26,6.67,3.57,97.3,83.19,53.27,34.39,53.59,5.62,water_stress
56.45,5.54,1.47,72.32,111.18,57.66,24.11,70.3,5.46,healthy
20.91,6.23,2.77,93.12,80.42,53.35,29.15,48.15,5.26,water_stress
70.49,6.09,1.05,78.11,76.35,61.24,26.25,86.19,89.13,sigatoka_risk
49.26,5.32,0.76,103.72,67.24,32.02,27.67,64.33,2.31,nitrogen_deficient
73.28,6.49,1.6,74.55,85.39,60.1,26.08,87.04,85.63,sigatoka_risk
60.0,5.37,0.46,97.42,56.86,32.2,27.66,72.26,10.61,nitrogen_deficient
17.2,6.75,2.51,104.47,75.66,42.82,33.34,47.33,14.81,water_stress
69.06,6.36,1.01,77.89,100.67,63.42,25.18,90.0,68.35,sigatoka_risk
62.58,5.43,0.63,106.13,56.72,50.34,30.31,71.28,4.4,nitrogen_deficient
48.7,5.4,0.48,109.78,55.1,43.16,23.26,66.44,5.93,nitrogen_deficient
72.64,5.75,1.22,74.2,74.43,61.08,27.81,90.36,76.75,sigatoka_risk
58.44,5.71,1.67,90.62,94.73,48.62,26.31,89.31,88.04,sigatoka_risk
62.58,5.58,1.15,82.96,82.73,65.02,25.87,89.05,63.52,sigatoka_risk
58.79,5.55,0.43,100.96,67.2,44.9,26.61,69.8,17.96,nitrogen_deficient
62.38,5.24,0.7,104.19,51.08,49.58,23.49,64.31,13.55,nitrogen_deficient
62.75,5.37,0.59,109.33,58.59,38.11,24.45,56.65,20.21,nitrogen_deficient
57.4,5.72,1.44,59.71,105.03,44.75,28.24,64.29,23.45,healthy
16.83,6.05,2.91,90.84,74.59,45.56,31.34,51.32,6.61,water_stress
25.28,6.76,3.85,99.35,70.02,53.92,30.69,35.44,12.21,water_stress
62.63,5.68,0.61,108.32,54.35,44.81,31.0,66.52,4.64,nitrogen_deficient
55.19,6.0,0.78,118.27,55.83,30.55,30.07,61.2,5.13,nitrogen_deficient
59.22,6.31,1.36,79.79,75.95,61.16,30.97,97.17,63.44,sigatoka_risk
57.88,6.44,1.79,76.32,72.91,63.69,28.29,88.23,84.54,sigatoka_risk
21.39,7.05,3.88,107.9,64.99,36.32,30.19,55.72,12.16,water_stress
23.54,6.42,3.22,97.26,80.35,53.53,36.98,39.32,9.2,water_stress
17.79,6.4,3.48,102.68,67.17,38.15,37.26,54.21,7.43,water_stress
69.07,5.96,1.09,87.38,71.96,51.99,28.06,88.26,64.48,sigatoka_risk
16.44,6.27,3.62,96.76,74.47,38.37,29.94,45.93,14.9,water_stress
28.21,6.32,3.83,96.34,75.32,53.66,35.04,45.32,6.75,water_stress
71.64,6.28,1.18,88.66,91.92,63.93,26.63,94.7,73.92,sigatoka_risk
19.32,6.64,3.86,90.88,72.03,47.66,30.67,45.49,14.82,water_stress
59.0,5.79,1.4,91.78,92.73,54.05,32.31,89.02,93.52,sigatoka_risk
25.69,6.36,3.39,107.09,64.61,51.58,30.46,47.39,11.01,water_stress
56.71,6.47,1.39,93.1,94.89,61.46,29.34,87.6,85.3,sigatoka_risk
26.32,6.5,3.69,101.45,60.24,49.36,33.93,40.31,13.25,water_stress
61.17,6.17,1.79,66.29,96.66,52.19,25.48,64.27,9.61,healthy
68.21,6.23,1.25,76.79,89.18,43.1,24.12,66.11,1.39,healthy
59.61,5.71,1.71,71.2,74.44,50.94,30.52,92.39,94.52,sigatoka_risk
54.92,6.2,1.23,75.48,97.6,48.4,28.49,72.72,21.5,healthy
75.0,5.96,1.03,73.41,86.24,60.04,26.2,92.04,77.97,sigatoka_risk
65.71,5.97,1.52,66.35,92.21,56.16,24.82,70.94,13.45,healthy
72.09,5.81,1.44,80.92,95.06,49.13,29.5,91.7,61.32,sigatoka_risk
69.06,5.99,1.68,65.18,115.97,41.62,22.6,70.86,28.81,healthy
60.5,6.0,1.69,83.01,92.25,46.03,26.65,86.66,91.19,sigatoka_risk
30.94,6.06,3.44,96.9,69.33,38.87,33.0,51.03,13.4,water_stress
21.27,6.67,2.86,99.5,77.0,36.54,30.01,38.36,6.1,water_stress
28.36,6.08,2.61,104.7,68.33,52.99,28.11,39.98,4.51,water_stress
33.54,6.53,2.99,100.77,68.97,54.54,35.9,54.32,9.94,water_stress
69.78,5.57,1.25,94.71,86.79,64.94,28.9,95.34,66.11,sigatoka_risk
53.41,6.47,1.71,75.32,114.35,48.04,25.4,71.61,27.19,healthy
67.28,5.55,1.08,93.38,94.83,53.07,30.71,94.69,72.92,sigatoka_risk
62.29,6.16,1.53,79.92,97.1,47.83,24.81,70.32,26.56,healthy
68.62,6.36,1.63,92.2,78.98,57.03,27.44,94.47,64.16,sigatoka_risk
71.57,5.6,1.78,90.53,95.39,57.23,30.57,99.16,73.86,sigatoka_risk
59.88,5.5,1.35,78.67,74.21,62.94,25.26,86.69,89.98,sigatoka_risk
58.92,6.04,0.48,99.54,74.72,33.1,28.65,57.21,21.7,nitrogen_deficient
75.58,5.9,1.53,79.93,80.26,51.69,30.99,93.89,79.14,sigatoka_risk
26.57,6.05,3.75,104.77,62.77,36.8,33.99,53.56,6.19,water_stress
70.07,5.59,1.46,79.78,115.53,52.56,22.48,69.97,5.34,healthy
60.15,5.12,0.76,95.7,65.22,48.65,23.19,63.45,2.26,nitrogen_deficient
15.05,6.77,3.17,101.13,72.75,37.35,29.1,47.0,9.3,water_stress
54.06,5.05,0.6,121.42,63.54,48.98,25.99,69.82,3.85,nitrogen_deficient
34.52,6.99,3.78,96.44,74.52,48.21,31.87,36.65,9.23,water_stress
22.86,6.8,3.85,103.65,80.55,54.29,34.73,53.53,7.05,water_stress
67.27,5.78,1.72,77.24,97.49,59.95,26.51,69.74,8.54,healthy
62.9,5.52,1.42,74.95,92.19,40.31,27.41,61.85,23.04,healthy
16.93,6.18,3.06,88.3,74.34,43.32,36.07,49.05,11.8,water_stress
56.87,5.9,1.61,79.77,86.46,63.36,30.54,85.91,61.74,sigatoka_risk
32.01,6.89,2.76,95.01,62.81,43.89,30.78,49.64,5.86,water_stress
72.08,5.9,1.5,87.84,76.49,62.19,25.75,95.54,88.78,sigatoka_risk
73.89,6.29,1.62,75.66,89.47,48.57,30.74,95.22,81.33,sigatoka_risk
64.73,6.06,1.66,88.71,96.68,60.96,26.23,90.19,81.46,sigatoka_risk
73.29,5.92,1.81,70.2,85.16,52.04,25.27,86.46,61.33,sigatoka_risk
63.34,6.12,1.06,77.22,85.17,61.81,27.55,93.55,78.94,sigatoka_risk
66.49,5.74,1.24,75.69,100.4,53.98,27.98,68.51,15.22,healthy
32.48,6.29,2.71,89.97,77.69,44.85,31.77,38.89,3.75,water_stress
67.48,6.11,1.46,84.69,85.92,46.7,28.42,98.22,62.16,sigatoka_risk
74.45,5.57,1.12,73.03,70.31,46.23,30.5,93.17,81.89,sigatoka_risk
50.95,5.86,0.8,98.0,71.19,46.76,23.31,58.26,23.81,nitrogen_deficient
67.73,6.22,1.06,90.62,71.63,61.02,29.53,89.96,63.37,sigatoka_risk
65.03,5.99,2.01,68.75,109.65,58.6,25.22,59.69,15.24,healthy
67.16,5.58,1.74,60.47,97.25,40.8,23.99,68.55,15.34,healthy
28.69,6.83,3.65,90.8,75.12,53.17,36.08,51.83,6.53,water_stress
26.4,6.92,3.33,93.23,69.83,47.98,34.88,55.13,0.03,water_stress
54.15,5.52,1.57,65.57,107.96,44.89,23.59,73.24,13.93,healthy
69.73,5.68,1.65,62.74,102.31,56.22,23.47,66.51,22.03,healthy
54.33,6.36,1.32,72.77,108.83,49.81,24.55,62.81,13.68,healthy
33.73,6.14,3.08,103.25,67.71,51.7,30.91,45.84,13.8,water_stress
53.9,5.45,1.77,60.53,94.41,45.81,28.28,59.02,13.34,healthy
50.0,5.01,0.49,89.23,55.98,33.95,25.91,71.11,16.23,nitrogen_deficient
31.88,6.19,2.51,108.39,81.28,48.41,35.6,41.48,0.84,water_stress
62.86,5.44,0.61,91.4,56.32,47.33,30.92,70.62,9.82,nitrogen_deficient
49.86,5.62,0.67,104.33,68.94,41.84,31.4,66.07,4.87,nitrogen_deficient
57.51,5.31,0.44,107.79,58.93,32.98,31.16,61.79,3.74,nitrogen_deficient
73.88,6.15,1.06,91.96,94.28,51.33,29.02,95.08,65.38,sigatoka_risk
65.71,5.05,0.72,99.94,68.07,47.5,27.51,62.43,0.23,nitrogen_deficient
56.04,6.17,1.68,84.55,88.24,50.05,28.7,90.16,84.39,sigatoka_risk
51.46,5.37,0.56,98.88,71.25,34.44,22.3,74.33,23.93,nitrogen_deficient
51.95,6.04,1.91,73.5,106.46,41.71,29.18,62.74,8.17,healthy
69.68,6.54,1.64,60.62,118.38,41.3,28.19,62.63,24.14,healthy
57.64,5.75,0.76,109.44,53.6,30.4,28.51,59.42,13.44,nitrogen_deficient
63.01,5.59,1.34,86.89,88.08,44.85,31.07,90.54,83.55,sigatoka_risk
50.79,5.64,1.38,70.1,99.9,50.62,22.39,63.9,3.1,healthy
18.04,6.47,3.5,108.18,81.37,54.37,37.2,34.39,2.47,water_stress
62.54,5.48,1.35,90.97,99.87,60.24,26.17,90.57,67.52,sigatoka_risk
27.44,6.29,2.79,101.16,81.58,41.88,31.18,47.04,12.03,water_stress
29.04,6.22,3.88,94.16,83.67,45.69,29.72,37.13,10.06,water_stress
62.72,6.46,1.65,72.92,106.95,45.54,28.68,61.91,29.16,healthy
18.95,6.38,3.38,97.43,65.28,47.11,32.27,43.64,11.95,water_stress
63.68,5.88,1.92,74.48,91.0,42.8,30.1,69.93,10.19,healthy
67.74,6.44,1.98,71.77,107.69,54.46,27.79,61.43,17.43,healthy
71.26,5.95,1.42,76.67,92.63,41.0,29.85,64.75,9.44,healthy
59.53,4.98,0.55,101.15,57.51,36.03,26.04,68.37,11.28,nitrogen_deficient
65.62,5.05,0.74,103.05,67.33,48.55,28.77,66.22,17.07,nitrogen_deficient
59.71,5.55,1.75,70.25,106.48,51.54,23.28,65.34,12.26,healthy
16.79,6.03,2.9,101.07,70.94,47.68,32.95,37.49,9.52,water_stress
69.18,6.2,1.74,71.6,106.62,44.61,27.97,71.24,20.73,healthy
24.51,6.56,3.84,101.36,68.32,47.66,30.57,48.46,8.28,water_stress
66.78,5.81,1.9,63.06,115.28,49.66,27.0,61.74,2.67,healthy
15.62,6.02,3.6,101.76,65.11,40.09,29.13,38.84,4.39,water_stress
57.83,5.61,0.45,95.17,75.18,33.3,22.99,68.48,10.8,nitrogen_deficient
73.82,6.51,1.41,78.77,71.69,50.22,29.22,96.18,86.48,sigatoka_risk
75.43,6.06,1.13,80.59,76.59,59.51,28.73,97.03,86.02,sigatoka_risk
72.88,6.1,1.15,82.38,101.28,54.45,27.19,90.81,70.25,sigatoka_risk
54.58,5.75,0.78,98.39,70.61,43.17,24.66,62.42,19.25,nitrogen_deficient
66.78,5.92,1.4,91.72,91.1,59.74,24.88,86.12,87.89,sigatoka_risk
52.64,5.56,0.5,118.08,66.71,50.66,25.67,69.49,13.73,nitrogen_deficient
66.1,5.61,1.01,89.15,71.77,60.51,24.85,92.83,71.49,sigatoka_risk
55.85,5.18,0.67,112.33,57.78,40.74,29.0,64.8,2.43,nitrogen_deficient
62.7,5.57,0.75,110.8,55.89,41.4,25.33,66.27,11.17,nitrogen_deficient
33.5,6.72,3.18,100.86,79.18,36.28,28.5,53.25,2.02,water_stress
17.0,6.46,3.3,103.52,74.35,37.48,28.37,52.49,2.5,water_stress
18.71,6.12,2.74,95.05,63.68,46.07,34.96,53.17,4.61,water_stress
60.99,5.44,0.74,102.13,63.88,32.48,25.75,54.78,17.54,nitrogen_deficient
68.83,5.91,1.94,76.4,101.9,59.01,29.4,70.31,19.71,healthy
61.97,5.8,1.94,69.06,90.11,44.15,23.01,76.1,26.57,healthy
67.15,6.51,1.57,77.18,71.97,55.85,26.34,85.67,88.4,sigatoka_risk
72.31,5.85,1.03,92.08,92.45,54.45,29.01,89.77,71.69,sigatoka_risk
61.96,5.7,0.47,102.52,58.29,41.92,26.02,70.98,22.6,nitrogen_deficient
65.0,6.32,1.33,74.39,100.4,55.14,25.68,92.08,74.03,sigatoka_risk
47.69,5.1,0.46,118.21,71.84,42.75,27.11,61.19,15.27,nitrogen_deficient
28.64,5.93,3.34,105.53,80.78,43.1,36.07,41.94,0.78,water_stress
22.78,6.29,2.9,91.15,65.52,42.12,33.22,35.55,5.41,water_stress
68.38,6.45,1.6,77.7,110.01,48.01,28.31,70.49,24.2,healthy
71.33,5.98,1.07,72.8,70.71,63.54,30.33,93.74,79.22,sigatoka_risk
54.21,5.86,0.53,92.74,65.42,47.28,22.73,73.73,13.47,nitrogen_deficient
62.65,6.05,1.65,72.98,95.4,42.84,29.27,66.91,0.42,healthy
24.97,6.87,3.79,94.74,67.72,50.94,29.85,53.86,2.18,water_stress
19.46,6.68,3.64,97.5,82.27,41.38,31.58,38.39,11.43,water_stress
63.52,6.32,1.09,74.06,98.77,54.72,27.06,91.87,70.8,sigatoka_risk
61.79,5.81,1.71,69.25,94.13,41.05,23.74,61.43,7.79,healthy
68.64,5.44,1.54,68.37,103.94,47.58,23.9,72.26,21.56,healthy
55.98,5.52,1.35,69.69,104.28,51.62,23.89,68.49,12.66,healthy
24.29,6.1,3.31,94.97,64.68,41.53,36.46,35.87,0.07,water_stress
71.96,5.71,1.32,86.71,84.66,48.52,29.48,91.27,66.35,sigatoka_risk
52.3,5.39,0.52,94.4,64.91,42.77,31.51,65.21,8.19,nitrogen_deficient
57.58,5.22,0.46,98.39,65.59,46.68,25.66,65.98,16.91,nitrogen_deficient
61.45,5.86,0.68,102.81,74.48,41.44,23.97,54.81,12.34,nitrogen_deficient
61.09,5.56,1.96,73.85,102.86,52.38,25.0,72.66,4.44,healthy
54.97,5.35,0.75,94.15,65.22,47.31,23.1,72.9,14.44,nitrogen_deficient
31.97,6.02,3.57,86.55,78.97,51.87,29.25,42.17,2.2,water_stress
60.88,6.35,1.02,75.04,91.52,64.44,29.6,90.75,61.59,sigatoka_risk
60.02,5.32,0.54,97.18,71.83,40.54,31.0,70.93,23.66,nitrogen_deficient
21.42,6.62,3.81,105.48,66.07,50.81,31.45,53.56,9.27,water_stress
56.59,6.34,1.83,64.14,116.75,58.2,26.47,62.25,14.59,healthy
55.51,6.13,1.81,65.62,93.43,42.29,28.12,67.85,21.62,healthy
57.74,5.79,0.57,107.61,63.25,31.19,31.0,61.24,7.79,nitrogen_deficient
63.19,6.51,1.83,95.07,70.66,53.57,29.78,99.28,87.49,sigatoka_risk
63.51,5.78,0.66,116.0,61.47,31.34,31.76,58.74,1.67,nitrogen_deficient
52.83,5.55,0.54,111.67,53.22,30.29,24.95,54.57,16.64,nitrogen_deficient
60.42,5.73,1.31,67.4,105.75,55.24,29.53,63.85,12.56,healthy
29.96,6.25,3.49,89.42,69.94,52.06,31.06,39.05,1.28,water_stress
20.93,6.72,3.3,103.04,64.63,37.25,35.12,42.64,0.11,water_stress
55.69,5.54,1.39,93.38,88.64,56.09,28.62,85.13,83.65,sigatoka_risk
31.26,6.27,3.68,99.21,84.51,35.72,32.46,54.21,0.31,water_stress
47.36,5.17,0.8,100.33,52.01,48.91,25.33,54.73,22.11,nitrogen_deficient
16.24,6.09,3.69,87.83,82.28,36.4,33.87,51.26,9.44,water_stress
68.52,6.46,1.07,75.68,73.8,54.52,27.71,94.96,85.28,sigatoka_risk
21.39,6.27,3.29,90.09,72.03,48.35,32.44,46.64,12.21,water_stress
65.52,5.73,1.81,68.59,121.7,40.81,23.52,64.81,25.54,healthy
64.68,6.1,1.53,79.08,94.18,49.19,25.88,91.42,62.74,sigatoka_risk
25.72,6.2,3.06,103.64,62.84,39.87,33.51,35.99,8.32,water_stress
72.73,6.12,1.12,81.86,79.9,48.55,26.32,90.8,69.09,sigatoka_risk
66.28,5.61,1.22,81.06,81.64,48.11,29.56,96.17,68.97,sigatoka_risk
61.83,5.54,1.65,76.28,106.38,40.27,28.86,66.86,1.28,healthy
19.57,6.72,2.87,99.05,77.21,51.07,34.09,52.17,0.46,water_stress
56.93,6.14,1.52,74.21,98.0,51.5,27.86,90.14,94.07,sigatoka_risk
45.97,5.59,0.7,95.6,64.3,32.19,28.77,68.69,10.96,nitrogen_deficient
62.11,6.22,1.61,89.14,71.39,61.74,31.37,97.24,61.36,sigatoka_risk
57.57,6.27,1.19,95.23,87.04,49.47,27.3,84.85,88.72,sigatoka_risk
57.74,6.49,1.63,70.83,104.37,41.98,23.32,61.96,11.22,healthy
44.42,5.29,0.8,98.26,73.07,45.51,26.03,66.33,20.81,nitrogen_deficient
69.16,5.76,1.22,79.91,91.44,48.52,31.9,90.2,67.51,sigatoka_risk
18.14,6.06,3.95,106.09,75.2,36.52,36.58,41.6,11.48,water_stress
70.11,6.08,1.43,74.27,98.41,60.31,25.59,90.12,82.65,sigatoka_risk
59.36,5.13,0.72,102.07,58.38,43.64,29.02,66.29,15.98,nitrogen_deficient
49.94,5.48,1.95,73.87,104.26,56.03,24.66,68.05,2.1,healthy
58.23,5.62,0.67,95.72,60.68,37.04,23.57,70.46,8.37,nitrogen_deficient
53.07,5.77,0.62,114.46,73.32,48.98,28.9,63.88,23.54,nitrogen_deficient
52.12,5.82,1.68,78.33,98.57,56.22,26.14,67.2,15.54,healthy
58.96,5.1,0.76,102.14,50.22,46.45,29.59,60.94,6.5,nitrogen_deficient
32.82,6.82,3.39,107.11,59.47,39.61,31.58,45.25,13.92,water_stress
55.27,5.86,1.55,69.34,99.42,44.41,23.32,70.13,23.26,healthy
63.61,5.31,0.47,110.77,68.92,42.55,23.83,75.24,1.72,nitrogen_deficient
16.29,6.68,3.76,104.09,62.65,37.31,37.2,38.8,8.48,water_stress
49.08,5.79,0.49,105.61,65.66,49.25,27.07,66.37,15.61,nitrogen_deficient
51.06,5.58,0.45,104.32,53.81,35.92,25.23,63.6,3.47,nitrogen_deficient
59.82,5.62,0.67,98.8,57.17,40.1,22.57,56.21,5.36,nitrogen_deficient
31.12,6.69,3.35,97.39,61.01,45.82,27.64,52.0,11.1,water_stress
53.23,5.89,0.71,98.76,67.94,31.25,27.27,73.11,17.24,nitrogen_deficient
66.56,6.36,1.7,70.25,83.8,56.76,26.37,88.7,92.0,sigatoka_risk
51.22,5.9,1.27,77.63,109.1,51.8,22.51,62.91,16.66,healthy
68.72,6.04,1.04,91.71,73.02,55.56,31.45,86.47,65.97,sigatoka_risk
29.88,5.98,2.75,99.02,82.86,46.64,29.19,48.83,5.82,water_stress
65.82,6.07,1.71,64.12,110.9,52.82,26.24,64.13,9.89,healthy
47.72,5.15,0.59,110.41,71.58,39.28,26.89,61.69,16.7,nitrogen_deficient
52.87,5.48,1.9,64.63,104.51,56.51,25.94,65.27,18.82,healthy
59.79,5.81,0.48,108.85,59.93,38.34,29.87,72.71,6.59,nitrogen_deficient
64.98,5.11,0.6,117.84,53.02,32.31,31.32,58.21,22.77,nitrogen_deficient
58.53,5.85,1.57,62.38,100.65,54.03,22.62,63.4,17.03,healthy
54.68,5.64,0.76,95.71,51.2,36.86,25.56,67.85,0.39,nitrogen_deficient
54.84,5.84,1.91,79.46,111.54,47.57,29.43,61.99,8.92,healthy
60.0,6.24,1.15,90.88,89.38,50.94,25.88,89.79,92.55,sigatoka_risk
66.1,5.58,1.46,64.2,111.27,45.31,22.45,73.41,1.54,healthy
69.15,6.04,1.65,81.36,82.96,47.74,24.88,85.95,81.16,sigatoka_risk
67.88,6.05,1.5,74.31,98.22,45.25,23.51,63.19,26.51,healthy
58.96,5.86,1.76,62.09,113.11,42.65,27.28,64.22,5.25,healthy
47.76,5.87,0.58,109.37,61.57,31.1,30.72,71.55,24.18,nitrogen_deficient
30.58,6.65,3.73,92.73,68.6,43.6,28.45,41.26,7.89,water_stress
45.99,5.45,0.47,107.28,56.94,42.84,22.55,73.82,4.04,nitrogen_deficient
54.75,5.61,1.48,74.03,91.74,53.09,25.69,73.54,7.8,healthy
